
static const unsigned int FPS_size = 34360;
static const unsigned int FPS_data[34360/4] =
{
    0x00000100, 0x00011200, 0x20000400, 0x4853544c, 0xbfa6a6f0, 0xb4030000, 0x6f000000, 0x322f534f, 0x3df02a67, 0xa8010000, 0x60000000, 0x544c4350, 
    0x4cee96cd, 0x00860000, 0x36000000, 0x584d4456, 0x05736a6b, 0x24040000, 0xe0050000, 0x70616d63, 0x65d55b90, 0x1c140000, 0x50020000, 0x20747663, 
    0x3d0c7512, 0x8c2a0000, 0x66000000, 0x6d677066, 0x85164434, 0x6c160000, 0x3b130000, 0x70736167, 0x09001700, 0xf0850000, 0x10000000, 0x66796c67, 
    0x107de9de, 0xf42a0000, 0xc0520000, 0x786d6468, 0x193234af, 0x040a0000, 0x180a0000, 0x64616568, 0x39ef36f0, 0x2c010000, 0x36000000, 0x61656868, 
    0xbe037905, 0x64010000, 0x24000000, 0x78746d68, 0x501482bf, 0x08020000, 0xac010000, 0x61636f6c, 0x0c66264f, 0xb47d0000, 0xd8000000, 0x7078616d, 
    0xd1130e03, 0x88010000, 0x20000000, 0x656d616e, 0x482567ae, 0x8c7e0000, 0x63060000, 0x74736f70, 0x3162495d, 0xf0840000, 0xfd000000, 0x70657270, 
    0x8066f256, 0xa8290000, 0xe1000000, 0x00000100, 0x00000100, 0xdbaa44e8, 0xf53c0f5f, 0x4c041000, 0x00000000, 0xf04d0bc5, 0x00000000, 0x2d5dafc9, 
    0x88ff3200, 0x48032602, 0x0b000000, 0x00000200, 0x00000000, 0x00000100, 0xc8002003, 0x58020000, 0x32003200, 0x01002602, 0x00000000, 0x00000000, 
    0x00000000, 0x6b000000, 0x00000100, 0x54006b00, 0x00000e00, 0x02000000, 0x40000800, 0x00008c00, 0x3b130002, 0x00000000, 0xca010300, 0x05009001, 
    0xbc020000, 0x00008a02, 0xbc028f00, 0x00008a02, 0x3200c501, 0x00000301, 0x00000002, 0x00000000, 0x00800000, 0x00000100, 0x00000000, 0x00000000, 
    0x4c410000, 0x40005354, 0x30202000, 0xc8002003, 0x84030000, 0x0000bb00, 0x00000100, 0xbc020000, 0x0000bc02, 0x00002000, 0x32004402, 0x0000f401, 
    0x0000f401, 0x00002c01, 0x3200b400, 0x32005501, 0x32001c02, 0x32000802, 0x32005802, 0x32003002, 0x3200b400, 0x32005e01, 0x32005e01, 0x3200ae01, 
    0x3200b801, 0x3200b400, 0x3200b801, 0x3200b400, 0x32000802, 0x32000802, 0x3200b400, 0x32000802, 0x32000802, 0x32000802, 0x32000802, 0x32000802, 
    0x32000802, 0x32000802, 0x32000802, 0x3200b400, 0x3200b400, 0x32007201, 0x3200b801, 0x32007201, 0x32000802, 0x32000802, 0x32000802, 0x32000802, 
    0x3200e001, 0x32000802, 0x3200e001, 0x3200e001, 0x32000802, 0x32000802, 0x3200b400, 0x32000802, 0x32000802, 0x32000802, 0x32000802, 0x32000802, 
    0x32000802, 0x32000802, 0x32001202, 0x32000802, 0x32000802, 0x32000702, 0x32000802, 0x32000802, 0x32000802, 0x32000802, 0x32000802, 0x32000802, 
    0x32003601, 0x32000602, 0x32003601, 0x32000702, 0x32000702, 0x32001801, 0x32000802, 0x32000802, 0x3200e001, 0x32000802, 0x3200e001, 0x3200e001, 
    0x32000802, 0x32000802, 0x3200b400, 0x32000802, 0x32000802, 0x32000802, 0x32000802, 0x32000802, 0x32000802, 0x32000802, 0x32001202, 0x32000802, 
    0x32000802, 0x32000702, 0x32000802, 0x32000802, 0x32000802, 0x32000802, 0x32000802, 0x32000802, 0x3200ae01, 0x3200b400, 0x3200ae01, 0x32001c02, 
    0x32004e02, 0x3200b400, 0x3200b400, 0x32005401, 0x32005501, 0x32008601, 0x32001c02, 0x32004402, 0x32004402, 0x6b000000, 0x0101014b, 0x4b4b4b4b, 
    0x4b4b4b4b, 0x4b4b4b4b, 0x4b4b4b4b, 0x4b4b4b4b, 0x4b4b4b4b, 0x4b4b4b4b, 0x4b4b4b4b, 0x4b4b4b4b, 0x4b4b4b4b, 0x4b4b4b4b, 0x4b4b4b4b, 0x4b4b4b4b, 
    0x4b4b4b4b, 0x4b4b4b4b, 0x4b4b4b4b, 0x4b4b4b4b, 0x4b4b4b4b, 0x4b4b4b4b, 0x4b4b4b4b, 0x4b4b4b4b, 0x4b4b4b4b, 0x4b4b4b4b, 0x4b4b4b4b, 0x4b4b4b4b, 
    0x004b4b4b, 0x01000000, 0x01010100, 0x0c000101, 0xff08f800, 0x07000800, 0x0900feff, 0xfeff0800, 0x09000a00, 0x0b00feff, 0xfeff0900, 0x0a000c00, 
    0x0d00fdff, 0xfdff0b00, 0x0c000e00, 0x0f00fdff, 0xfdff0d00, 0x0e001000, 0x1100fdff, 0xfdff0e00, 0x0f001200, 0x1300fcff, 0xfcff1000, 0x11001400, 
    0x1500fcff, 0xfcff1200, 0x12001600, 0x1700fcff, 0xfcff1300, 0x14001800, 0x1900fbff, 0xfbff1500, 0x16001a00, 0x1b00fbff, 0xfbff1700, 0x17001c00, 
    0x1d00fbff, 0xfbff1800, 0x19001e00, 0x1f00faff, 0xfaff1a00, 0x1b002000, 0x2100faff, 0xfaff1b00, 0x1c002200, 0x2300faff, 0xfaff1d00, 0x1e002400, 
    0x2500f9ff, 0xf9ff1f00, 0x20002600, 0x2700f9ff, 0xf9ff2000, 0x21002800, 0x2900f9ff, 0xf9ff2200, 0x23002a00, 0x2b00f8ff, 0xf8ff2400, 0x24002c00, 
    0x2d00f8ff, 0xf8ff2500, 0x26002e00, 0x2f00f8ff, 0xf8ff2700, 0x28003000, 0x3100f7ff, 0xf7ff2900, 0x29003200, 0x3300f7ff, 0xf7ff2a00, 0x2b003400, 
    0x3500f7ff, 0xf6ff2c00, 0x2d003600, 0x3700f6ff, 0xf6ff2d00, 0x2e003800, 0x3900f6ff, 0xf6ff2f00, 0x30003a00, 0x3b00f6ff, 0xf5ff3100, 0x32003c00, 
    0x3d00f5ff, 0xf5ff3200, 0x33003e00, 0x3f00f5ff, 0xf5ff3400, 0x35004000, 0x4100f5ff, 0xf4ff3600, 0x36004200, 0x4300f4ff, 0xf4ff3700, 0x38004400, 
    0x4500f4ff, 0xf4ff3900, 0x3a004600, 0x4700f4ff, 0xf3ff3b00, 0x3b004800, 0x4900f3ff, 0xf3ff3c00, 0x3d004a00, 0x4b00f3ff, 0xf3ff3e00, 0x3f004c00, 
    0x4d00f3ff, 0xf2ff3f00, 0x40004e00, 0x4f00f2ff, 0xf2ff4100, 0x42005000, 0x5100f2ff, 0xf2ff4300, 0x44005200, 0x5300f2ff, 0xf1ff4400, 0x45005400, 
    0x5500f1ff, 0xf1ff4600, 0x47005600, 0x5700f1ff, 0xf1ff4800, 0x48005800, 0x5900f1ff, 0xf0ff4900, 0x4a005a00, 0x5b00f0ff, 0xf0ff4b00, 0x4c005c00, 
    0x5d00f0ff, 0xf0ff4d00, 0x4d005e00, 0x5f00f0ff, 0xefff4e00, 0x4f006000, 0x6100efff, 0xefff5000, 0x51006200, 0x6300efff, 0xefff5100, 0x52006400, 
    0x6500efff, 0xeeff5300, 0x54006600, 0x6700eeff, 0xeeff5500, 0x56006800, 0x6900eeff, 0xeeff5600, 0x57006a00, 0x6b00edff, 0xedff5800, 0x59006c00, 
    0x6d00edff, 0xedff5a00, 0x5a006e00, 0x6f00edff, 0xedff5b00, 0x5c007000, 0x7100ecff, 0xecff5d00, 0x5e007200, 0x7300ecff, 0xecff5f00, 0x5f007400, 
    0x7500ecff, 0xecff6000, 0x61007600, 0x7700ebff, 0xebff6200, 0x63007800, 0x7900ebff, 0xebff6300, 0x64007a00, 0x7b00ebff, 0xebff6500, 0x66007c00, 
    0x7d00eaff, 0xeaff6700, 0x68007e00, 0x7f00eaff, 0xeaff6800, 0x69008000, 0x8100eaff, 0xeaff6a00, 0x6b008200, 0x8300e9ff, 0xe9ff6c00, 0x6c008400, 
    0x8500e9ff, 0xe9ff6d00, 0x6e008600, 0x8700e9ff, 0xe9ff6f00, 0x70008800, 0x8900e8ff, 0xe8ff7100, 0x71008a00, 0x8b00e8ff, 0xe8ff7200, 0x73008c00, 
    0x8d00e8ff, 0xe8ff7400, 0x75008e00, 0x8f00e7ff, 0xe7ff7500, 0x76009000, 0x9100e7ff, 0xe7ff7700, 0x78009200, 0x9300e7ff, 0xe7ff7900, 0x7a009400, 
    0x9500e6ff, 0xe6ff7a00, 0x7b009600, 0x9700e6ff, 0xe6ff7c00, 0x7d009800, 0x9900e6ff, 0xe5ff7e00, 0x7e009a00, 0x9b00e5ff, 0xe5ff7f00, 0x80009c00, 
    0x9d00e5ff, 0xe5ff8100, 0x82009e00, 0x9f00e5ff, 0xe4ff8300, 0x8300a000, 0xa100e4ff, 0xe4ff8400, 0x8500a200, 0xa300e4ff, 0xe4ff8600, 0x8700a400, 
    0xa500e4ff, 0xe3ff8700, 0x8800a600, 0xa700e3ff, 0xe3ff8900, 0x8a00a800, 0xa900e3ff, 0xe3ff8b00, 0x8c00aa00, 0xab00e3ff, 0xe2ff8c00, 0x8d00ac00, 
    0xad00e2ff, 0xe2ff8e00, 0x8f00ae00, 0xaf00e2ff, 0xe2ff9000, 0x9000b000, 0xb100e2ff, 0xe1ff9100, 0x9200b200, 0xb300e1ff, 0xe1ff9300, 0x9400b400, 
    0xb500e1ff, 0xe1ff9500, 0x9500b600, 0xb700e1ff, 0xe0ff9600, 0x9700b800, 0xb900e0ff, 0xe0ff9800, 0x9900ba00, 0xbb00e0ff, 0xe0ff9900, 0x9a00bc00, 
    0xbd00e0ff, 0xdfff9b00, 0x9c00be00, 0xbf00dfff, 0xdfff9d00, 0x9e00c000, 0xc100dfff, 0xdfff9e00, 0x9f00c200, 0xc300dfff, 0xdeffa000, 0xa100c400, 
    0xc500deff, 0xdeffa200, 0xa200c600, 0xc700deff, 0xdeffa300, 0xa400c800, 0xc900deff, 0xddffa500, 0xa600ca00, 0xcb00ddff, 0xddffa700, 0xa700cc00, 
    0xcd00ddff, 0xddffa800, 0xa900ce00, 0xcf00dcff, 0xdcffaa00, 0xab00d000, 0xd100dcff, 0xdcffab00, 0xac00d200, 0xd300dcff, 0xdcffad00, 0xae00d400, 
    0xd500dbff, 0xdbffaf00, 0xb000d600, 0xd700dbff, 0xdbffb000, 0xb100d800, 0xd900dbff, 0xdbffb200, 0xb300da00, 0xdb00daff, 0xdaffb400, 0xb400dc00, 
    0xdd00daff, 0xdaffb500, 0xb600de00, 0xdf00daff, 0xdaffb700, 0xb800e000, 0xe100d9ff, 0xd9ffb900, 0xb900e200, 0xe300d9ff, 0xd9ffba00, 0xbb00e400, 
    0xe500d9ff, 0xd9ffbc00, 0xbd00e600, 0xe700d8ff, 0xd8ffbd00, 0xbe00e800, 0xe900d8ff, 0xd8ffbf00, 0xc000ea00, 0xeb00d8ff, 0xd8ffc100, 0xc200ec00, 
    0xed00d7ff, 0xd7ffc200, 0xc300ee00, 0xef00d7ff, 0xd7ffc400, 0xc500f000, 0xf100d7ff, 0xd7ffc600, 0xc600f200, 0xf300d6ff, 0xd6ffc700, 0xc800f400, 
    0xf500d6ff, 0xd6ffc900, 0xca00f600, 0xf700d6ff, 0xd6ffcb00, 0xcb00f800, 0xf900d5ff, 0xd5ffcc00, 0xcd00fa00, 0xfb00d5ff, 0xd5ffce00, 0xcf00fc00, 
    0xfd00d5ff, 0xd4ffcf00, 0xd000fe00, 0xff00d4ff, 0xd4ffd100, 0x17000000, 0x70000000, 0x04050509, 0x03010204, 0x05050404, 0x04030301, 0x01040104, 
    0x04010404, 0x04040404, 0x01040404, 0x03040301, 0x04040404, 0x04040404, 0x04010404, 0x04040404, 0x04040404, 0x04040404, 0x04040404, 0x04030403, 
    0x04040204, 0x04040404, 0x04010404, 0x04040404, 0x04040404, 0x04040404, 0x04040404, 0x04040104, 0x03010105, 0x05040303, 0x00000005, 0x0505050a, 
    0x03020305, 0x05050505, 0x04030302, 0x02040204, 0x05020505, 0x05050505, 0x02050505, 0x03040302, 0x05050505, 0x04040504, 0x05020505, 0x05050505, 
    0x05050505, 0x05050505, 0x05050505, 0x05030503, 0x05050305, 0x04040504, 0x05020505, 0x05050505, 0x05050505, 0x05050505, 0x05050505, 0x05040204, 
    0x03020205, 0x05050403, 0x00000005, 0x0506060b, 0x03020305, 0x06060505, 0x04040402, 0x02040204, 0x05020505, 0x05050505, 0x02050505, 0x04040402, 
    0x05050505, 0x05050505, 0x05020505, 0x05050505, 0x05050505, 0x05050505, 0x05050505, 0x05030503, 0x05050305, 0x05050505, 0x05020505, 0x05050505, 
    0x05050505, 0x05050505, 0x05050505, 0x05040204, 0x03020206, 0x06050403, 0x00000006, 0x0506070c, 0x04020305, 0x06070606, 0x05040402, 0x02050205, 
    0x06020606, 0x06060606, 0x02060606, 0x04050402, 0x06060606, 0x05050605, 0x06020606, 0x06060606, 0x06060606, 0x06060606, 0x06060606, 0x06030603, 
    0x06060306, 0x05050605, 0x06020606, 0x06060606, 0x06060606, 0x06060606, 0x06060606, 0x06050205, 0x04020206, 0x06060404, 0x00000006, 0x0607070d, 
    0x04020406, 0x07070606, 0x05040402, 0x02050205, 0x06020606, 0x06060606, 0x02060606, 0x04050402, 0x06060606, 0x06060606, 0x06020606, 0x06060606, 
    0x06060606, 0x06060606, 0x06060606, 0x06040604, 0x06060306, 0x06060606, 0x06020606, 0x06060606, 0x06060606, 0x06060606, 0x06060606, 0x06050205, 
    0x04020207, 0x07060504, 0x00000007, 0x0708080f, 0x05020407, 0x08080707, 0x06050502, 0x02060206, 0x07020707, 0x07070707, 0x02070707, 0x05060502, 
    0x07070707, 0x07070707, 0x07020707, 0x07070707, 0x07070707, 0x07070707, 0x07070707, 0x07040704, 0x07070407, 0x07070707, 0x07020707, 0x07070707, 
    0x07070707, 0x07070707, 0x07070707, 0x07060206, 0x05020208, 0x08070505, 0x00000008, 0x07080910, 0x05030407, 0x08090808, 0x06050503, 0x03060306, 
    0x08030808, 0x08080808, 0x03080808, 0x05060503, 0x08080808, 0x07070807, 0x08030808, 0x08080808, 0x08080808, 0x08080808, 0x08080808, 0x08050805, 
    0x08080408, 0x07070807, 0x08030808, 0x08080808, 0x08080808, 0x08080808, 0x08080808, 0x08060306, 0x05030309, 0x08080605, 0x00000008, 0x08090911, 
    0x05030508, 0x09090808, 0x07050503, 0x03070307, 0x08030808, 0x08080808, 0x03080808, 0x06070603, 0x08080808, 0x07070807, 0x08030808, 0x08080808, 
    0x08080808, 0x08080808, 0x08080808, 0x08050805, 0x08080408, 0x07070807, 0x08030808, 0x08080808, 0x08080808, 0x08080808, 0x08080808, 0x08070307, 
    0x05030309, 0x09080605, 0x00000009, 0x090a0a13, 0x06030509, 0x0a0a0909, 0x07060603, 0x03080308, 0x09030909, 0x09090909, 0x03090909, 0x06080603, 
    0x09090909, 0x08080908, 0x09030909, 0x09090909, 0x09090909, 0x09090909, 0x09090909, 0x09050905, 0x09090509, 0x08080908, 0x09030909, 0x09090909, 
    0x09090909, 0x09090909, 0x09090909, 0x09070307, 0x0603030a, 0x0a090706, 0x0000000a, 0x0a0b0b15, 0x0703060a, 0x0b0b0a0a, 0x08070703, 0x03080308, 
    0x0a030a0a, 0x0a0a0a0a, 0x030a0a0a, 0x07080703, 0x0a0a0a0a, 0x09090a09, 0x0a030a0a, 0x0a0a0a0a, 0x0a0a0a0a, 0x0a0a0a0a, 0x0a0a0a0a, 0x0a060a06, 
    0x0a0a050a, 0x09090a09, 0x0a030a0a, 0x0a0a0a0a, 0x0a0a0a0a, 0x0a0a0a0a, 0x0a0a0a0a, 0x0a080308, 0x0603030b, 0x0b0a0707, 0x0000000b, 0x0b0d0d18, 
    0x0704070b, 0x0c0d0b0c, 0x09080804, 0x040a040a, 0x0b040b0b, 0x0b0b0b0b, 0x040b0b0b, 0x080a0804, 0x0b0b0b0b, 0x0a0a0b0a, 0x0b040b0b, 0x0b0b0b0b, 
    0x0b0c0b0b, 0x0b0b0b0b, 0x0b0b0b0b, 0x0b070b07, 0x0b0b060b, 0x0a0a0b0a, 0x0b040b0b, 0x0b0b0b0b, 0x0b0c0b0b, 0x0b0b0b0b, 0x0b0b0b0b, 0x0c090409, 
    0x0704040d, 0x0d0c0907, 0x0000000d, 0x0c0e0f1b, 0x0804070c, 0x0e0f0d0d, 0x0b090904, 0x040b040b, 0x0d040d0d, 0x0d0d0d0d, 0x040d0d0d, 0x090b0904, 
    0x0d0d0d0d, 0x0c0c0d0c, 0x0d040d0d, 0x0d0d0d0d, 0x0d0d0d0d, 0x0d0d0d0d, 0x0d0d0d0d, 0x0d080d08, 0x0d0d070d, 0x0c0c0d0c, 0x0d040d0d, 0x0d0d0d0d, 
    0x0d0d0d0d, 0x0d0d0d0d, 0x0d0d0d0d, 0x0d0b040b, 0x0804040e, 0x0e0d0a08, 0x0000000e, 0x0d0f101d, 0x0905080d, 0x0f100e0e, 0x0b090905, 0x050c050c, 
    0x0e050e0e, 0x0e0e0e0e, 0x050e0e0e, 0x0a0c0a05, 0x0e0e0e0e, 0x0d0d0e0d, 0x0e050e0e, 0x0e0e0e0e, 0x0e0e0e0e, 0x0e0e0e0e, 0x0e0e0e0e, 0x0e080e08, 
    0x0e0e070e, 0x0d0d0e0d, 0x0e050e0e, 0x0e0e0e0e, 0x0e0e0e0e, 0x0e0e0e0e, 0x0e0e0e0e, 0x0e0b050b, 0x09050510, 0x0f0e0a09, 0x0000000f, 0x0f111120, 
    0x0a05090f, 0x10110f10, 0x0d0a0a05, 0x050d050d, 0x0f050f0f, 0x0f0f0f0f, 0x050f0f0f, 0x0b0d0b05, 0x0f0f0f0f, 0x0e0e0f0e, 0x0f050f0f, 0x0f0f0f0f, 
    0x0f0f0f0f, 0x0f0f0f0f, 0x0f0f0f0f, 0x0f090f09, 0x0f0f080f, 0x0e0e0f0e, 0x0f050f0f, 0x0f0f0f0f, 0x0f0f0f0f, 0x0f0f0f0f, 0x0f0f0f0f, 0x100d050d, 
    0x0a050511, 0x11100b0a, 0x00000011, 0x0f111221, 0x0a05090f, 0x11121010, 0x0d0b0b05, 0x050d050d, 0x10051010, 0x10101010, 0x05101010, 0x0b0d0b05, 
    0x10101010, 0x0e0e100e, 0x10051010, 0x10101010, 0x10101010, 0x10101010, 0x10101010, 0x10091009, 0x10100810, 0x0e0e100e, 0x10051010, 0x10101010, 
    0x10101010, 0x10101010, 0x10101010, 0x100d050d, 0x0a050512, 0x11100c0a, 0x00000011, 0x11141425, 0x0b060a11, 0x13141112, 0x0e0c0c06, 0x060f060f, 
    0x11061111, 0x11111111, 0x06111111, 0x0c0f0c06, 0x11111111, 0x10101110, 0x11061111, 0x11111111, 0x11121111, 0x11111111, 0x11111111, 0x110a110a, 
    0x11110911, 0x10101110, 0x11061111, 0x11111111, 0x11121111, 0x11111111, 0x11111111, 0x120e060e, 0x0b060614, 0x14120d0b, 0x00000014, 0x1316172a, 
    0x0d070b13, 0x15171415, 0x100d0d07, 0x07110711, 0x14071414, 0x14141414, 0x07141414, 0x0e110e07, 0x14141414, 0x12121412, 0x14071414, 0x14141414, 
    0x14141414, 0x14141414, 0x14141414, 0x140c140c, 0x14140b14, 0x12121412, 0x14071414, 0x14141414, 0x14141414, 0x14141414, 0x14141414, 0x15100710, 
    0x0d070717, 0x16150f0d, 0x00000016, 0x1518192e, 0x0e080d15, 0x17191617, 0x120f0f08, 0x08120812, 0x16081616, 0x16161616, 0x08161616, 0x0f120f08, 
    0x16161616, 0x14141614, 0x16081616, 0x16161616, 0x16161616, 0x16161616, 0x16161616, 0x160d160d, 0x16160c16, 0x14141614, 0x16081616, 0x16161616, 
    0x16161616, 0x16161616, 0x16161616, 0x17120812, 0x0e080819, 0x1817100e, 0x00000018, 0x171a1b32, 0x10080e17, 0x191b1819, 0x14101008, 0x08140814, 
    0x18081818, 0x18181818, 0x08181818, 0x11141108, 0x18181818, 0x16161816, 0x18081818, 0x18181818, 0x18181818, 0x18181818, 0x18181818, 0x180e180e, 
    0x18180d18, 0x16161816, 0x18081818, 0x18181818, 0x18181818, 0x18181818, 0x18181818, 0x19140814, 0x0f08081b, 0x1a191210, 0x0000001a, 0x191c1d36, 
    0x11090f19, 0x1b1d1a1b, 0x15111109, 0x09160916, 0x1a091a1a, 0x1a1a1a1a, 0x091a1a1a, 0x12161209, 0x1a1a1a1a, 0x18181a18, 0x1a091a1a, 0x1a1a1a1a, 
    0x1a1a1a1a, 0x1a1a191a, 0x1a1a1a1a, 0x190f190f, 0x1a1a0e19, 0x18181a18, 0x1a091a1a, 0x1a1a1a1a, 0x1a1a1a1a, 0x1a1a191a, 0x1a1a1a1a, 0x1b150915, 
    0x1109091d, 0x1c1b1311, 0x0000001c, 0x1a1f203a, 0x1209101a, 0x1e201b1c, 0x17121209, 0x09170917, 0x1b091b1b, 0x1b1b1b1b, 0x091b1b1b, 0x14171409, 
    0x1b1b1b1b, 0x19191b19, 0x1b091b1b, 0x1b1b1b1b, 0x1b1c1b1b, 0x1b1b1b1b, 0x1b1b1b1b, 0x1b101b10, 0x1b1b0f1b, 0x19191b19, 0x1b091b1b, 0x1b1b1b1b, 
    0x1b1c1b1b, 0x1b1b1b1b, 0x1b1b1b1b, 0x1c170917, 0x1209091f, 0x1f1c1512, 0x0000001f, 0x1e232543, 0x150b121e, 0x22252021, 0x1a15150b, 0x0b1b0b1b, 
    0x200b2020, 0x20202020, 0x0b202020, 0x171b170b, 0x20202020, 0x1d1d201d, 0x200b2020, 0x20202020, 0x20202020, 0x20202020, 0x20202020, 0x20132013, 
    0x20201120, 0x1d1d201d, 0x200b2020, 0x20202020, 0x20202020, 0x20202020, 0x20202020, 0x211a0b1a, 0x150b0b24, 0x23211815, 0x00000023, 0x2228294b, 
    0x170c1422, 0x26292325, 0x1d18180c, 0x0c1e0c1e, 0x230c2323, 0x23232323, 0x0c232323, 0x191e190c, 0x23232323, 0x21212321, 0x230c2323, 0x23232323, 
    0x23242323, 0x23232323, 0x23232323, 0x23152315, 0x23231323, 0x21212321, 0x230c2323, 0x23232323, 0x23242323, 0x23232323, 0x23232323, 0x251d0c1d, 
    0x170c0c28, 0x28251b17, 0x00000028, 0x03000000, 0x03000000, 0x00020000, 0x00000100, 0x1c000000, 0x01000300, 0xb0010000, 0x94010600, 0x20000000, 
    0x0300c500, 0x05000400, 0x07000600, 0x09000800, 0x0b000a00, 0x0d000c00, 0x0f000e00, 0x11001000, 0x13001200, 0x15001400, 0x17001600, 0x19001800, 
    0x1b001a00, 0x1d001c00, 0x1f001e00, 0x21002000, 0x23002200, 0x25002400, 0x27002600, 0x29002800, 0x2b002a00, 0x2d002c00, 0x2f002e00, 0x31003000, 
    0x33003200, 0x35003400, 0x37003600, 0x39003800, 0x3b003a00, 0x3d003c00, 0x3f003e00, 0x41004000, 0x43004200, 0x45004400, 0x47004600, 0x49004800, 
    0x4b004a00, 0x4d004c00, 0x4f004e00, 0x51005000, 0x53005200, 0x55005400, 0x57005600, 0x59005800, 0x5b005a00, 0x5d005c00, 0x5f005e00, 0x61006000, 
    0x00000000, 0x00000000, 0x00000000, 0x00000000, 0x00000000, 0x00000000, 0x00000000, 0x00000000, 0x00000000, 0x00000000, 0x00000000, 0x00000000, 
    0x00000000, 0x00000000, 0x00000000, 0x00000000, 0x00000000, 0x00000000, 0x00000000, 0x00006700, 0x00000000, 0x00006a00, 0x00000000, 0x00000000, 
    0x00000000, 0x00000000, 0x00000000, 0x00000000, 0x00000000, 0x00000000, 0x00000000, 0x00000000, 0x00000000, 0x00000000, 0x00000000, 0x00000000, 
    0x00000000, 0x00000000, 0x00000000, 0x00000000, 0x68000000, 0x65006900, 0x63006600, 0x00006400, 0x00000000, 0x00000000, 0x00000000, 0x00000000, 
    0x00000000, 0x00000000, 0x62000000, 0x50000400, 0x10000000, 0x03001000, 0x7e000000, 0x1420a900, 0x1d201920, 0x30202220, 0x0000ffff, 0xa9002000, 
    0x18201320, 0x22201c20, 0xffff3020, 0xc1ffe3ff, 0x4be055e0, 0x45e049e0, 0x010032e0, 0x00000000, 0x00000000, 0x00000000, 0x00000000, 0x50000400, 
    0x10000000, 0x03001000, 0x7e000000, 0x1420a900, 0x1d201920, 0x30202220, 0x0000ffff, 0xa9002000, 0x18201320, 0x22201c20, 0xffff3020, 0xc1ffe3ff, 
    0x4be055e0, 0x45e049e0, 0x010032e0, 0x00000000, 0x00000000, 0x00000000, 0x00000000, 0x04050540, 0x2c000203, 0xb0204576, 0x23452503, 0x23186861, 
    0x2d446068, 0xb020452c, 0x23452503, 0x68236861, 0x2c2d4460, 0xffb82020, 0xb11238c0, 0x38360140, 0x20202c2d, 0x123840b0, 0xb83601b0, 0x2d38c0ff, 
    0x46b0012c, 0x68472076, 0x61462318, 0x20582068, 0x232503b0, 0x2502b038, 0x3601b012, 0x2d593865, 0x2c0a00b8, 0x0b00b84b, 0x01b15850, 0xb8598e01, 
    0xb885ff01, 0xb91d4400, 0x03000b00, 0xb82d5e5f, 0x202c0b00, 0x44694520, 0x2d6001b0, 0x2c0c00b8, 0x2a0b00b8, 0x00b82d21, 0x46202c0d, 0x462503b0, 
    0x59235852, 0x8a208a20, 0x208a6449, 0x61682046, 0x2504b064, 0x61682046, 0x23585264, 0x2f598a65, 0x5300b020, 0xb0206958, 0x21585400, 0x1b5940b0, 
    0x00b02069, 0xb0215854, 0x59596540, 0x00b82d3a, 0x46202c0e, 0x462504b0, 0x8a235852, 0x20462059, 0xb064616a, 0x20462504, 0x5264616a, 0x598a2358, 
    0xb82dfd2f, 0x4b2c0f00, 0x2603b020, 0x58515850, 0x1b4480b0, 0x594440b0, 0x2021211b, 0x50c0b045, 0x44c0b058, 0x5959211b, 0x1000b82d, 0x4520202c, 
    0x01b04469, 0x45202060, 0x4418697d, 0x2d6001b0, 0x2c1100b8, 0x2a1000b8, 0x1200b82d, 0xb0204b2c, 0x58532603, 0xb01b40b0, 0x8a8a5900, 0x2603b020, 
    0x21235853, 0x8a8a80b0, 0x59238a1b, 0x2603b020, 0x21235853, 0x8ac000b8, 0x238a1b8a, 0x03b02059, 0x23585326, 0x0001b821, 0x8a1b8a8a, 0xb0205923, 
    0x58532603, 0x01b82123, 0x1b8a8a40, 0x2059238a, 0x260300b8, 0x03b05853, 0x01b84525, 0x23585080, 0x8001b821, 0xb01b2123, 0x23452503, 0x59212321, 
    0x4459211b, 0x1300b82d, 0x58534b2c, 0x211b4445, 0xb82d5921, 0x4b2c1400, 0x500b00b8, 0x0101b158, 0x01b8598e, 0x00b885ff, 0x00b91d44, 0x5f03000b, 
    0x00b82d5e, 0x20202c15, 0xb0446945, 0xb82d6001, 0xb82c1600, 0x212a1500, 0x1700b82d, 0xb046202c, 0x52462503, 0x20592358, 0x498a208a, 0x46208a64, 
    0x64616820, 0x462504b0, 0x64616820, 0x65235852, 0x202f598a, 0x585300b0, 0x00b02069, 0xb0215854, 0x691b5940, 0x5400b020, 0x40b02158, 0x3a595965, 
    0x1800b82d, 0xb046202c, 0x52462504, 0x598a2358, 0x6a204620, 0x04b06461, 0x6a204625, 0x58526461, 0x2f598a23, 0x00b82dfd, 0x204b2c19, 0x502603b0, 
    0xb0585158, 0xb01b4480, 0x1b594440, 0x45202121, 0x5850c0b0, 0x1b44c0b0, 0x2d595921, 0x2c1a00b8, 0x69452020, 0x6001b044, 0x7d452020, 0xb0441869, 
    0xb82d6001, 0xb82c1b00, 0x2d2a1a00, 0x2c1c00b8, 0x03b0204b, 0xb0585326, 0x00b01b40, 0x208a8a59, 0x532603b0, 0xb0212358, 0x1b8a8a80, 0x2059238a, 
    0x532603b0, 0xb8212358, 0x8a8ac000, 0x59238a1b, 0x2603b020, 0x21235853, 0x8a0001b8, 0x238a1b8a, 0x03b02059, 0x23585326, 0x4001b821, 0x8a1b8a8a, 
    0xb8205923, 0x53260300, 0x2503b058, 0x8001b845, 0x21235850, 0x238001b8, 0x03b01b21, 0x21234525, 0x1b592123, 0x2d445921, 0x2c1d00b8, 0x4558534b, 
    0x21211b44, 0x00b82d59, 0xb84b2c1e, 0x58500b00, 0x8e0101b1, 0xff01b859, 0x4400b885, 0x0b00b91d, 0x5e5f0300, 0x1f00b82d, 0x4520202c, 0x01b04469, 
    0x00b82d60, 0x00b82c20, 0x2d212a1f, 0x2c2100b8, 0x03b04620, 0x58524625, 0x8a205923, 0x64498a20, 0x2046208a, 0xb0646168, 0x20462504, 0x52646168, 
    0x8a652358, 0xb0202f59, 0x69585300, 0x5400b020, 0x40b02158, 0x20691b59, 0x585400b0, 0x6540b021, 0x2d3a5959, 0x2c2200b8, 0x04b04620, 0x58524625, 
    0x20598a23, 0x616a2046, 0x2504b064, 0x616a2046, 0x23585264, 0xfd2f598a, 0x2300b82d, 0xb0204b2c, 0x58502603, 0x80b05851, 0x40b01b44, 0x211b5944, 
    0xb0452021, 0xb05850c0, 0x211b44c0, 0xb82d5959, 0x202c2400, 0x44694520, 0x206001b0, 0x697d4520, 0x01b04418, 0x00b82d60, 0x00b82c25, 0xb82d2a24, 
    0x4b2c2600, 0x2603b020, 0x40b05853, 0x5900b01b, 0xb0208a8a, 0x58532603, 0x80b02123, 0x8a1b8a8a, 0xb0205923, 0x58532603, 0x00b82123, 0x1b8a8ac0, 
    0x2059238a, 0x532603b0, 0xb8212358, 0x8a8a0001, 0x59238a1b, 0x2603b020, 0x21235853, 0x8a4001b8, 0x238a1b8a, 0x00b82059, 0x58532603, 0x452503b0, 
    0x508001b8, 0xb8212358, 0x21238001, 0x2503b01b, 0x23212345, 0x211b5921, 0xb82d4459, 0x4b2c2700, 0x44455853, 0x5921211b, 0x2800b82d, 0x00b84b2c, 
    0xb158500b, 0x598e0101, 0x85ff01b8, 0x1d4400b8, 0x000b00b9, 0x2d5e5f03, 0x2c2900b8, 0x69452020, 0x6001b044, 0x2a00b82d, 0x2900b82c, 0xb82d212a, 
    0x202c2b00, 0x2503b046, 0x23585246, 0x208a2059, 0x8a64498a, 0x68204620, 0x04b06461, 0x68204625, 0x58526461, 0x598a6523, 0x00b0202f, 0x20695853, 
    0x585400b0, 0x5940b021, 0xb020691b, 0x21585400, 0x596540b0, 0xb82d3a59, 0x202c2c00, 0x2504b046, 0x23585246, 0x4620598a, 0x64616a20, 0x462504b0, 
    0x64616a20, 0x8a235852, 0x2dfd2f59, 0x2c2d00b8, 0x03b0204b, 0x51585026, 0x4480b058, 0x4440b01b, 0x21211b59, 0xc0b04520, 0xc0b05850, 0x59211b44, 
    0x00b82d59, 0x20202c2e, 0xb0446945, 0x20206001, 0x18697d45, 0x6001b044, 0x2f00b82d, 0x2e00b82c, 0x00b82d2a, 0x204b2c30, 0x532603b0, 0x1b40b058, 
    0x8a5900b0, 0x03b0208a, 0x23585326, 0x8a80b021, 0x238a1b8a, 0x03b02059, 0x23585326, 0xc000b821, 0x8a1b8a8a, 0xb0205923, 0x58532603, 0x01b82123, 
    0x1b8a8a00, 0x2059238a, 0x532603b0, 0xb8212358, 0x8a8a4001, 0x59238a1b, 0x0300b820, 0xb0585326, 0xb8452503, 0x58508001, 0x01b82123, 0x1b212380, 
    0x452503b0, 0x21232123, 0x59211b59, 0x00b82d44, 0x534b2c31, 0x1b444558, 0x2d592121, 0x2c3200b8, 0x0b00b84b, 0x01b15850, 0xb8598e01, 0xb885ff01, 
    0xb91d4400, 0x03000b00, 0xb82d5e5f, 0x202c3300, 0x44694520, 0x2d6001b0, 0x2c3400b8, 0x2a3300b8, 0x00b82d21, 0x46202c35, 0x462503b0, 0x59235852, 
    0x8a208a20, 0x208a6449, 0x61682046, 0x2504b064, 0x61682046, 0x23585264, 0x2f598a65, 0x5300b020, 0xb0206958, 0x21585400, 0x1b5940b0, 0x00b02069, 
    0xb0215854, 0x59596540, 0x00b82d3a, 0x46202c36, 0x462504b0, 0x8a235852, 0x20462059, 0xb064616a, 0x20462504, 0x5264616a, 0x598a2358, 0xb82dfd2f, 
    0x4b2c3700, 0x2603b020, 0x58515850, 0x1b4480b0, 0x594440b0, 0x2021211b, 0x50c0b045, 0x44c0b058, 0x5959211b, 0x3800b82d, 0x4520202c, 0x01b04469, 
    0x45202060, 0x4418697d, 0x2d6001b0, 0x2c3900b8, 0x2a3800b8, 0x3a00b82d, 0xb0204b2c, 0x58532603, 0xb01b40b0, 0x8a8a5900, 0x2603b020, 0x21235853, 
    0x8a8a80b0, 0x59238a1b, 0x2603b020, 0x21235853, 0x8ac000b8, 0x238a1b8a, 0x03b02059, 0x23585326, 0x0001b821, 0x8a1b8a8a, 0xb0205923, 0x58532603, 
    0x01b82123, 0x1b8a8a40, 0x2059238a, 0x260300b8, 0x03b05853, 0x01b84525, 0x23585080, 0x8001b821, 0xb01b2123, 0x23452503, 0x59212321, 0x4459211b, 
    0x3b00b82d, 0x58534b2c, 0x211b4445, 0xb82d5921, 0x4b2c3c00, 0x500b00b8, 0x0101b158, 0x01b8598e, 0x00b885ff, 0x00b91d44, 0x5f03000b, 0x00b82d5e, 
    0x20202c3d, 0xb0446945, 0xb82d6001, 0xb82c3e00, 0x212a3d00, 0x3f00b82d, 0xb046202c, 0x52462503, 0x20592358, 0x498a208a, 0x46208a64, 0x64616820, 
    0x462504b0, 0x64616820, 0x65235852, 0x202f598a, 0x585300b0, 0x00b02069, 0xb0215854, 0x691b5940, 0x5400b020, 0x40b02158, 0x3a595965, 0x4000b82d, 
    0xb046202c, 0x52462504, 0x598a2358, 0x6a204620, 0x04b06461, 0x6a204625, 0x58526461, 0x2f598a23, 0x00b82dfd, 0x204b2c41, 0x502603b0, 0xb0585158, 
    0xb01b4480, 0x1b594440, 0x45202121, 0x5850c0b0, 0x1b44c0b0, 0x2d595921, 0x2c4200b8, 0x69452020, 0x6001b044, 0x7d452020, 0xb0441869, 0xb82d6001, 
    0xb82c4300, 0x2d2a4200, 0x2c4400b8, 0x03b0204b, 0xb0585326, 0x00b01b40, 0x208a8a59, 0x532603b0, 0xb0212358, 0x1b8a8a80, 0x2059238a, 0x532603b0, 
    0xb8212358, 0x8a8ac000, 0x59238a1b, 0x2603b020, 0x21235853, 0x8a0001b8, 0x238a1b8a, 0x03b02059, 0x23585326, 0x4001b821, 0x8a1b8a8a, 0xb8205923, 
    0x53260300, 0x2503b058, 0x8001b845, 0x21235850, 0x238001b8, 0x03b01b21, 0x21234525, 0x1b592123, 0x2d445921, 0x2c4500b8, 0x4558534b, 0x21211b44, 
    0x00b82d59, 0xb84b2c46, 0x58500b00, 0x8e0101b1, 0xff01b859, 0x4400b885, 0x0b00b91d, 0x5e5f0300, 0x4700b82d, 0x4520202c, 0x01b04469, 0x00b82d60, 
    0x00b82c48, 0x2d212a47, 0x2c4900b8, 0x03b04620, 0x58524625, 0x8a205923, 0x64498a20, 0x2046208a, 0xb0646168, 0x20462504, 0x52646168, 0x8a652358, 
    0xb0202f59, 0x69585300, 0x5400b020, 0x40b02158, 0x20691b59, 0x585400b0, 0x6540b021, 0x2d3a5959, 0x2c4a00b8, 0x04b04620, 0x58524625, 0x20598a23, 
    0x616a2046, 0x2504b064, 0x616a2046, 0x23585264, 0xfd2f598a, 0x4b00b82d, 0xb0204b2c, 0x58502603, 0x80b05851, 0x40b01b44, 0x211b5944, 0xb0452021, 
    0xb05850c0, 0x211b44c0, 0xb82d5959, 0x202c4c00, 0x44694520, 0x206001b0, 0x697d4520, 0x01b04418, 0x00b82d60, 0x00b82c4d, 0xb82d2a4c, 0x4b2c4e00, 
    0x2603b020, 0x40b05853, 0x5900b01b, 0xb0208a8a, 0x58532603, 0x80b02123, 0x8a1b8a8a, 0xb0205923, 0x58532603, 0x00b82123, 0x1b8a8ac0, 0x2059238a, 
    0x532603b0, 0xb8212358, 0x8a8a0001, 0x59238a1b, 0x2603b020, 0x21235853, 0x8a4001b8, 0x238a1b8a, 0x00b82059, 0x58532603, 0x452503b0, 0x508001b8, 
    0xb8212358, 0x21238001, 0x2503b01b, 0x23212345, 0x211b5921, 0xb82d4459, 0x4b2c4f00, 0x44455853, 0x5921211b, 0x5000b82d, 0x00b84b2c, 0xb158500b, 
    0x598e0101, 0x85ff01b8, 0x1d4400b8, 0x000b00b9, 0x2d5e5f03, 0x2c5100b8, 0x69452020, 0x6001b044, 0x5200b82d, 0x5100b82c, 0xb82d212a, 0x202c5300, 
    0x2503b046, 0x23585246, 0x208a2059, 0x8a64498a, 0x68204620, 0x04b06461, 0x68204625, 0x58526461, 0x598a6523, 0x00b0202f, 0x20695853, 0x585400b0, 
    0x5940b021, 0xb020691b, 0x21585400, 0x596540b0, 0xb82d3a59, 0x202c5400, 0x2504b046, 0x23585246, 0x4620598a, 0x64616a20, 0x462504b0, 0x64616a20, 
    0x8a235852, 0x2dfd2f59, 0x2c5500b8, 0x03b0204b, 0x51585026, 0x4480b058, 0x4440b01b, 0x21211b59, 0xc0b04520, 0xc0b05850, 0x59211b44, 0x00b82d59, 
    0x20202c56, 0xb0446945, 0x20206001, 0x18697d45, 0x6001b044, 0x5700b82d, 0x5600b82c, 0x00b82d2a, 0x204b2c58, 0x532603b0, 0x1b40b058, 0x8a5900b0, 
    0x03b0208a, 0x23585326, 0x8a80b021, 0x238a1b8a, 0x03b02059, 0x23585326, 0xc000b821, 0x8a1b8a8a, 0xb0205923, 0x58532603, 0x01b82123, 0x1b8a8a00, 
    0x2059238a, 0x532603b0, 0xb8212358, 0x8a8a4001, 0x59238a1b, 0x0300b820, 0xb0585326, 0xb8452503, 0x58508001, 0x01b82123, 0x1b212380, 0x452503b0, 
    0x21232123, 0x59211b59, 0x00b82d44, 0x534b2c59, 0x1b444558, 0x2d592121, 0x2c5a00b8, 0x0b00b84b, 0x01b15850, 0xb8598e01, 0xb885ff01, 0xb91d4400, 
    0x03000b00, 0xb82d5e5f, 0x202c5b00, 0x44694520, 0x2d6001b0, 0x2c5c00b8, 0x2a5b00b8, 0x00b82d21, 0x46202c5d, 0x462503b0, 0x59235852, 0x8a208a20, 
    0x208a6449, 0x61682046, 0x2504b064, 0x61682046, 0x23585264, 0x2f598a65, 0x5300b020, 0xb0206958, 0x21585400, 0x1b5940b0, 0x00b02069, 0xb0215854, 
    0x59596540, 0x00b82d3a, 0x46202c5e, 0x462504b0, 0x8a235852, 0x20462059, 0xb064616a, 0x20462504, 0x5264616a, 0x598a2358, 0xb82dfd2f, 0x4b2c5f00, 
    0x2603b020, 0x58515850, 0x1b4480b0, 0x594440b0, 0x2021211b, 0x50c0b045, 0x44c0b058, 0x5959211b, 0x6000b82d, 0x4520202c, 0x01b04469, 0x45202060, 
    0x4418697d, 0x2d6001b0, 0x2c6100b8, 0x2a6000b8, 0x6200b82d, 0xb0204b2c, 0x58532603, 0xb01b40b0, 0x8a8a5900, 0x2603b020, 0x21235853, 0x8a8a80b0, 
    0x59238a1b, 0x2603b020, 0x21235853, 0x8ac000b8, 0x238a1b8a, 0x03b02059, 0x23585326, 0x0001b821, 0x8a1b8a8a, 0xb0205923, 0x58532603, 0x01b82123, 
    0x1b8a8a40, 0x2059238a, 0x260300b8, 0x03b05853, 0x01b84525, 0x23585080, 0x8001b821, 0xb01b2123, 0x23452503, 0x59212321, 0x4459211b, 0x6300b82d, 
    0x58534b2c, 0x211b4445, 0xb82d5921, 0x4b2c6400, 0x500b00b8, 0x0101b158, 0x01b8598e, 0x00b885ff, 0x00b91d44, 0x5f03000b, 0x00b82d5e, 0x20202c65, 
    0xb0446945, 0xb82d6001, 0xb82c6600, 0x212a6500, 0x6700b82d, 0xb046202c, 0x52462503, 0x20592358, 0x498a208a, 0x46208a64, 0x64616820, 0x462504b0, 
    0x64616820, 0x65235852, 0x202f598a, 0x585300b0, 0x00b02069, 0xb0215854, 0x691b5940, 0x5400b020, 0x40b02158, 0x3a595965, 0x6800b82d, 0xb046202c, 
    0x52462504, 0x598a2358, 0x6a204620, 0x04b06461, 0x6a204625, 0x58526461, 0x2f598a23, 0x00b82dfd, 0x204b2c69, 0x502603b0, 0xb0585158, 0xb01b4480, 
    0x1b594440, 0x45202121, 0x5850c0b0, 0x1b44c0b0, 0x2d595921, 0x2c6a00b8, 0x69452020, 0x6001b044, 0x7d452020, 0xb0441869, 0xb82d6001, 0xb82c6b00, 
    0x2d2a6a00, 0x2c6c00b8, 0x03b0204b, 0xb0585326, 0x00b01b40, 0x208a8a59, 0x532603b0, 0xb0212358, 0x1b8a8a80, 0x2059238a, 0x532603b0, 0xb8212358, 
    0x8a8ac000, 0x59238a1b, 0x2603b020, 0x21235853, 0x8a0001b8, 0x238a1b8a, 0x03b02059, 0x23585326, 0x4001b821, 0x8a1b8a8a, 0xb8205923, 0x53260300, 
    0x2503b058, 0x8001b845, 0x21235850, 0x238001b8, 0x03b01b21, 0x21234525, 0x1b592123, 0x2d445921, 0x2c6d00b8, 0x4558534b, 0x21211b44, 0x00b82d59, 
    0xb84b2c6e, 0x58500b00, 0x8e0101b1, 0xff01b859, 0x4400b885, 0x0b00b91d, 0x5e5f0300, 0x6f00b82d, 0x4520202c, 0x01b04469, 0x00b82d60, 0x00b82c70, 
    0x2d212a6f, 0x2c7100b8, 0x03b04620, 0x58524625, 0x8a205923, 0x64498a20, 0x2046208a, 0xb0646168, 0x20462504, 0x52646168, 0x8a652358, 0xb0202f59, 
    0x69585300, 0x5400b020, 0x40b02158, 0x20691b59, 0x585400b0, 0x6540b021, 0x2d3a5959, 0x2c7200b8, 0x04b04620, 0x58524625, 0x20598a23, 0x616a2046, 
    0x2504b064, 0x616a2046, 0x23585264, 0xfd2f598a, 0x7300b82d, 0xb0204b2c, 0x58502603, 0x80b05851, 0x40b01b44, 0x211b5944, 0xb0452021, 0xb05850c0, 
    0x211b44c0, 0xb82d5959, 0x202c7400, 0x44694520, 0x206001b0, 0x697d4520, 0x01b04418, 0x00b82d60, 0x00b82c75, 0xb82d2a74, 0x4b2c7600, 0x2603b020, 
    0x40b05853, 0x5900b01b, 0xb0208a8a, 0x58532603, 0x80b02123, 0x8a1b8a8a, 0xb0205923, 0x58532603, 0x00b82123, 0x1b8a8ac0, 0x2059238a, 0x532603b0, 
    0xb8212358, 0x8a8a0001, 0x59238a1b, 0x2603b020, 0x21235853, 0x8a4001b8, 0x238a1b8a, 0x00b82059, 0x58532603, 0x452503b0, 0x508001b8, 0xb8212358, 
    0x21238001, 0x2503b01b, 0x23212345, 0x211b5921, 0xb82d4459, 0x4b2c7700, 0x44455853, 0x5921211b, 0x7800b82d, 0x00b84b2c, 0xb158500b, 0x598e0101, 
    0x85ff01b8, 0x1d4400b8, 0x000b00b9, 0x2d5e5f03, 0x2c7900b8, 0x69452020, 0x6001b044, 0x7a00b82d, 0x7900b82c, 0xb82d212a, 0x202c7b00, 0x2503b046, 
    0x23585246, 0x208a2059, 0x8a64498a, 0x68204620, 0x04b06461, 0x68204625, 0x58526461, 0x598a6523, 0x00b0202f, 0x20695853, 0x585400b0, 0x5940b021, 
    0xb020691b, 0x21585400, 0x596540b0, 0xb82d3a59, 0x202c7c00, 0x2504b046, 0x23585246, 0x4620598a, 0x64616a20, 0x462504b0, 0x64616a20, 0x8a235852, 
    0x2dfd2f59, 0x2c7d00b8, 0x03b0204b, 0x51585026, 0x4480b058, 0x4440b01b, 0x21211b59, 0xc0b04520, 0xc0b05850, 0x59211b44, 0x00b82d59, 0x20202c7e, 
    0xb0446945, 0x20206001, 0x18697d45, 0x6001b044, 0x7f00b82d, 0x7e00b82c, 0x00b82d2a, 0x204b2c80, 0x532603b0, 0x1b40b058, 0x8a5900b0, 0x03b0208a, 
    0x23585326, 0x8a80b021, 0x238a1b8a, 0x03b02059, 0x23585326, 0xc000b821, 0x8a1b8a8a, 0xb0205923, 0x58532603, 0x01b82123, 0x1b8a8a00, 0x2059238a, 
    0x532603b0, 0xb8212358, 0x8a8a4001, 0x59238a1b, 0x0300b820, 0xb0585326, 0xb8452503, 0x58508001, 0x01b82123, 0x1b212380, 0x452503b0, 0x21232123, 
    0x59211b59, 0x00b82d44, 0x534b2c81, 0x1b444558, 0x2d592121, 0x2c8200b8, 0x0b00b84b, 0x01b15850, 0xb8598e01, 0xb885ff01, 0xb91d4400, 0x03000b00, 
    0xb82d5e5f, 0x202c8300, 0x44694520, 0x2d6001b0, 0x2c8400b8, 0x2a8300b8, 0x00b82d21, 0x46202c85, 0x462503b0, 0x59235852, 0x8a208a20, 0x208a6449, 
    0x61682046, 0x2504b064, 0x61682046, 0x23585264, 0x2f598a65, 0x5300b020, 0xb0206958, 0x21585400, 0x1b5940b0, 0x00b02069, 0xb0215854, 0x59596540, 
    0x00b82d3a, 0x46202c86, 0x462504b0, 0x8a235852, 0x20462059, 0xb064616a, 0x20462504, 0x5264616a, 0x598a2358, 0xb82dfd2f, 0x4b2c8700, 0x2603b020, 
    0x58515850, 0x1b4480b0, 0x594440b0, 0x2021211b, 0x50c0b045, 0x44c0b058, 0x5959211b, 0x8800b82d, 0x4520202c, 0x01b04469, 0x45202060, 0x4418697d, 
    0x2d6001b0, 0x2c8900b8, 0x2a8800b8, 0x8a00b82d, 0xb0204b2c, 0x58532603, 0xb01b40b0, 0x8a8a5900, 0x2603b020, 0x21235853, 0x8a8a80b0, 0x59238a1b, 
    0x2603b020, 0x21235853, 0x8ac000b8, 0x238a1b8a, 0x03b02059, 0x23585326, 0x0001b821, 0x8a1b8a8a, 0xb0205923, 0x58532603, 0x01b82123, 0x1b8a8a40, 
    0x2059238a, 0x260300b8, 0x03b05853, 0x01b84525, 0x23585080, 0x8001b821, 0xb01b2123, 0x23452503, 0x59212321, 0x4459211b, 0x8b00b82d, 0x58534b2c, 
    0x211b4445, 0x002d5921, 0x2b8200b8, 0x2b7800b8, 0x2b6e00b8, 0x2b6400b8, 0x2b5a00b8, 0x2b5000b8, 0x2b4600b8, 0x2b3c00b8, 0x2b3200b8, 0x2b2800b8, 
    0x2b1e00b8, 0x2b1400b8, 0x2b0a00b8, 0x1b1b0e40, 0x0b0b1a1a, 0x00000101, 0x01450f0f, 0xff01b88d, 0x68457685, 0x02b31844, 0x2b00460b, 0x460003b3, 
    0x04b32b00, 0x2b004601, 0x460b05b3, 0x06b32b00, 0x2b004600, 0x460107b3, 0x08b32b00, 0x2b00460f, 0x460109b3, 0x0ab32b00, 0x2b004600, 0x46010cb3, 
    0x0db32b00, 0x2b00460b, 0x46010eb3, 0x10b32b00, 0x2b00460f, 0x460f11b3, 0x12b32b00, 0x2b00460b, 0x460b13b3, 0x14b32b00, 0x2b004601, 0x460115b3, 
    0x16b32b00, 0x2b00460f, 0x460117b3, 0x18b32b00, 0x2b004601, 0x460b19b3, 0x68452b00, 0x44684544, 0x45446845, 0x68454468, 0x00000044, 0x8301bb02, 
    0x46024b00, 0x00000602, 0xce015103, 0x9d0190ff, 0x00003002, 0x0e001502, 0x8cff3901, 0xa7ff45ff, 0x7100b600, 0x5001d501, 0x04016bff, 0x8c00ee00, 
    0x4b004b00, 0x83009e00, 0x8200ac00, 0x4b001c00, 0x0e006100, 0x4a003300, 0x16001600, 0x16001600, 0x16001600, 0x16001600, 0x16001600, 0x16001600, 
    0x00001600, 0x32000400, 0x12020000, 0x0500d002, 0x0f000b00, 0x8f001700, 0x2b6400b8, 0x2f1800b8, 0x2f1300b8, 0xdc1000b8, 0x000000ba, 0x11100013, 
    0x00b83912, 0x00b81018, 0x00b8d00d, 0x00b82f0d, 0x00b8dc04, 0x00b8d007, 0x00b82f07, 0x00b8100d, 0x00b8d008, 0x00ba2f08, 0x0013000b, 0x39121110, 
    0x100400b8, 0xd00f00b8, 0x101000b8, 0xdc1900b8, 0x1300ba00, 0x67000000, 0x0b00ba2b, 0x67001400, 0x1300b82b, 0x0400b810, 0x1400b8d0, 0x0700b810, 
    0x0d00bad0, 0x13000000, 0xba391211, 0x14000e00, 0x12110b00, 0x29313039, 0x37272601, 0x27211121, 0x01213736, 0x01171107, 0x11270706, 0x01171637, 
    0x2898fecc, 0x2c01500a, 0x0a50d5fe, 0xfe670128, 0x015050b6, 0x1e280a90, 0x0a0a281e, 0x30021e28, 0xfd0a281e, 0x44021e94, 0x28c6fd1e, 0x3002500a, 
    0x00280a50, 0x32000300, 0x82000000, 0x0400d002, 0x0f000b00, 0x00b84300, 0x00ba2b64, 0x00030002, 0x00b82b67, 0x00b81003, 0x00b8d005, 0x00b81002, 
    0x00b8d009, 0x00b81002, 0x00b8d00c, 0x00b81003, 0xb800d00d, 0xba2f0700, 0x0c000f00, 0xb82b6700, 0xb8100f00, 0x30dc0300, 0x15171331, 0x37023d23, 
    0x07111716, 0x33352313, 0x1e50146e, 0x14140a28, 0x5e015050, 0x8c82aa14, 0x280a50d2, 0xfe14e8fe, 0x0000508e, 0x32000200, 0x23010802, 0x0400d102, 
    0x3b000900, 0x2b6400b8, 0x2f0a00b8, 0x2f0700b8, 0x100a00b8, 0xd00200b8, 0x2f0200b8, 0xdc0000b8, 0x100700b8, 0xdc0500b8, 0xdc0b00b8, 0x0300b800, 
    0x0800b82f, 0x0100b82f, 0x0600b82f, 0x1331302f, 0x33352707, 0x35270717, 0x28288233, 0x2828a150, 0x28300250, 0x289fa028, 0x0000a028, 0x32000c00, 
    0xea017700, 0x05005802, 0x11000b00, 0x1d001700, 0x29002300, 0x35002f00, 0x41003b00, 0xe7004700, 0x2b6400b8, 0x2f4800b8, 0x2f1200b8, 0x104800b8, 
    0xd00c00b8, 0x2f0c00b8, 0xdc0e00b8, 0x101200b8, 0xdc1400b8, 0x100c00b8, 0xd01800b8, 0x100e00b8, 0xd01a00b8, 0x101200b8, 0xd01e00b8, 0x101400b8, 
    0xd02000b8, 0x101200b8, 0xd02400b8, 0x101400b8, 0xd02600b8, 0x100c00b8, 0xd02a00b8, 0x100e00b8, 0xd02c00b8, 0x1900b800, 0x1f00b82f, 0x2800b82f, 
    0x2e00b82f, 0x3600ba2f, 0x67003800, 0x4200ba2b, 0x67004400, 0x4200b82b, 0x0000b810, 0x0000b8d0, 0x4400b82f, 0x0200b810, 0x0200b8d0, 0x3600b82f, 
    0x0600b810, 0x0600b8d0, 0x3800b82f, 0x0800b810, 0x0800b8d0, 0x3600b82f, 0x3000b810, 0x3000b8d0, 0x3800b82f, 0x3200b810, 0x3200b8d0, 0x4200b82f, 
    0x3c00b810, 0x3c00b8d0, 0x4400b82f, 0x3e00b810, 0x3e00b8d0, 0x0131302f, 0x27230717, 0x07011f37, 0x27372723, 0x07151737, 0x17013f27, 0x012f0715, 
    0x07151737, 0x17013f27, 0x11270715, 0x07151737, 0x1737012f, 0x012f0715, 0x27230717, 0x07170537, 0x013f2723, 0x27230717, 0x07170537, 0x01372723, 
    0x28282822, 0x28282828, 0x28282828, 0x28282864, 0x2828a028, 0x28a02828, 0xa0282828, 0x28282828, 0x28282828, 0x282828a0, 0x28281428, 0x01282828, 
    0x28282868, 0x28282828, 0x28282828, 0x2828e8fe, 0x01282828, 0x282828e0, 0x2828a028, 0x283c2828, 0x28282828, 0x28282828, 0x28dc2828, 0x28283c28, 
    0x3c28283c, 0xe9fe2828, 0x283d2828, 0x28283c28, 0xa128283d, 0x28282828, 0x28282801, 0x2828a128, 0x28012828, 0x00282828, 0x32000900, 0xd60188ff, 
    0x05004803, 0x12000c00, 0x1f001700, 0x28002400, 0x31002c00, 0x00b8c300, 0x00ba2b64, 0x00100011, 0x00ba2b67, 0x00200024, 0x00ba2b67, 0x00020007, 
    0x00b82b67, 0x00b81002, 0x00bad00b, 0x0002000d, 0x39121107, 0x101100b8, 0xd01300b8, 0x101000b8, 0xd01600b8, 0x102000b8, 0xd02500b8, 0x102400b8, 
    0xd02700b8, 0x102000b8, 0xd02900b8, 0x102400b8, 0xd02b00b8, 0x102400b8, 0xd02d00b8, 0x102000b8, 0xd03000b8, 0x100700b8, 0xdc3300b8, 0x2200b800, 
    0x2f00b82f, 0x0d00ba2f, 0x67002d00, 0x2000ba2b, 0x67001b00, 0x2c00ba2b, 0x67001200, 0x1800ba2b, 0x67002600, 0x0200ba2b, 0x67000c00, 0x2800ba2b, 
    0x67000000, 0x1700ba2b, 0x22002f00, 0xb8391211, 0xb8100c00, 0x30d02a00, 0x07170131, 0x05372721, 0x07061117, 0x21133527, 0x33372726, 0x27071503, 
    0x36271711, 0x17162137, 0x37352707, 0x35031517, 0x35031533, 0x07021d33, 0x86013527, 0xfcfe2828, 0x40012828, 0x1e280a14, 0x28d4fe0a, 0xf0f0500a, 
    0x5051143c, 0x3f01280a, 0xa0500a28, 0x50502828, 0x28285050, 0x28289001, 0x14322828, 0x0a28e8fe, 0xdefed250, 0x021e280a, 0x143cbe1c, 0x1e0a0401, 
    0x280a0a28, 0x28326e1e, 0xc0fe3228, 0xc0feb4b4, 0x328cb4b4, 0x00322828, 0x32000a00, 0x26020000, 0x0500d002, 0x11000b00, 0x1d001700, 0x29002300, 
    0x35002f00, 0xe9003b00, 0x2b6400b8, 0x2f3c00b8, 0x2f2c00b8, 0xd00000b8, 0x2f0000b8, 0x103c00b8, 0xd00e00b8, 0x2f0e00b8, 0xdc2200b8, 0xd00600b8, 
    0x2f0600b8, 0x001100ba, 0x1122000e, 0x00b83912, 0x00b8100e, 0x00b8d016, 0x00b81022, 0x00bad01a, 0x000e001d, 0x39121122, 0x102c00b8, 0xdc2800b8, 
    0x002f00ba, 0x1128002c, 0x00b83912, 0x00b8102c, 0x00bad034, 0x000e0035, 0x39121128, 0x102800b8, 0xd03800b8, 0x003b00ba, 0x1128002c, 0x00b83912, 
    0x00b81028, 0xba00dc3d, 0x32002e00, 0xba2b6700, 0x14001000, 0xb82b6700, 0xb8101000, 0xb8d00100, 0xb8103200, 0xbad00700, 0x14001700, 0x12111000, 
    0x1400b839, 0x1c00b810, 0x2300bad0, 0x10001400, 0xba391211, 0x32002900, 0x12112e00, 0x3500ba39, 0x2e003200, 0xb8391211, 0xb8103200, 0x30d03a00, 
    0x32370131, 0x0f230317, 0x13272201, 0x27230333, 0x07333736, 0x27260715, 0x17331735, 0x37230706, 0x17163735, 0x37351315, 0x27151716, 0x37362723, 
    0x07150733, 0x17352726, 0x07061733, 0x77370123, 0x2d9a143c, 0x143c7716, 0x3c632d9a, 0x78280a50, 0x0a281e5a, 0x0a503c64, 0x1e5a7828, 0x1eb40a28, 
    0x3c640a28, 0x78280a50, 0x0a281e5a, 0x0a503c64, 0xde017828, 0xcafe28f2, 0x0128f280, 0x1e220136, 0x3c640a28, 0x78280a50, 0x0a281e5a, 0x0a503c64, 
    0x3efe7828, 0x280a503c, 0x281e5a78, 0x503c640a, 0x5a78280a, 0x000a281e, 0x32000800, 0xfe01a6ff, 0x0500a802, 0x12000b00, 0x1d001700, 0x29002200, 
    0xaf002e00, 0x2b6400b8, 0x001000ba, 0x2b670013, 0x002800ba, 0x2b670023, 0x000200ba, 0x11280023, 0x00b83912, 0x00b82f02, 0x00b8dc07, 0x00b81002, 
    0x00b8d00a, 0x00b81010, 0x00bad016, 0x0023001d, 0x39121128, 0x002100ba, 0x11100013, 0x00b83912, 0x00b82f21, 0x00badc1f, 0x00130022, 0x39121110, 
    0x100700b8, 0xd02a00b8, 0x100200b8, 0xd02d00b8, 0x100700b8, 0xdc3000b8, 0x2c00b800, 0x1d00ba2f, 0x67002400, 0x1100ba2b, 0x67000c00, 0x0000ba2b, 
    0x67000200, 0x1300ba2b, 0x11000c00, 0xb8391211, 0xb8102400, 0xbad01900, 0x24002200, 0x12111d00, 0x01313039, 0x27210717, 0x15170537, 0x13352723, 
    0x37272621, 0x11251721, 0x13151737, 0x37362723, 0x07150733, 0x35053527, 0x15171637, 0x07151307, 0x86013527, 0xfcfe2828, 0x40012828, 0x641e3214, 
    0x0a287afe, 0x3c400150, 0x3c1434fe, 0x0a50a0c8, 0x3cbedc28, 0x1e040114, 0x3c140a28, 0x90013c14, 0x28282828, 0x1ee61432, 0x0adefea0, 0x323c1e28, 
    0x3c140401, 0x1ef401be, 0x6e640a28, 0x8cb4143c, 0x280a5082, 0x52fe14c8, 0x0a3c1432, 0x32000100, 0x82000802, 0x0400d002, 0x00b81700, 0x00ba2b64, 
    0x00020000, 0xb8002b67, 0xb82f0100, 0x302f0300, 0x27071331, 0x28823335, 0x30025028, 0x00a02828, 0x32000400, 0x2c010000, 0x0500d002, 0x11000b00, 
    0x2f001700, 0x2b6400b8, 0x000b00ba, 0x2b670007, 0x100b00b8, 0xd01200b8, 0x100700b8, 0xd01500b8, 0x1100ba00, 0x67000d00, 0x0400ba2b, 0x67000000, 
    0x0131302b, 0x33372723, 0x35270317, 0x13151737, 0x37272307, 0x07152733, 0x01373527, 0x28286e04, 0x14e6286e, 0x28aa1e32, 0x6e28286e, 0x14321e82, 
    0x28288002, 0x14cafe28, 0xd21e32e6, 0x28287afe, 0x1ed2d228, 0x0014e632, 0x32000400, 0x2c010000, 0x0500d002, 0x11000b00, 0x37001700, 0x2b6400b8, 
    0x000800ba, 0x2b67000a, 0x100a00b8, 0xd01200b8, 0x100800b8, 0xd01500b8, 0x100800b8, 0xdc1900b8, 0x0100ba00, 0x67000300, 0x0e00ba2b, 0x67001000, 
    0x3731302b, 0x23071733, 0x15171327, 0x03352707, 0x07173337, 0x37351723, 0x5a071517, 0x6e28286e, 0x3214e628, 0x6e28aa1e, 0x826e2828, 0x5014321e, 
    0x01282828, 0x32e61436, 0x8601d21e, 0xd2282828, 0xe6321ed2, 0x00000014, 0x32000100, 0x7c01aa00, 0x17002602, 0x00b86300, 0x00ba2b64, 0x00000004, 
    0x00b82b67, 0x00b81004, 0x00b8d00c, 0x00b81000, 0xb800d00f, 0xb82f0200, 0xba2f0e00, 0x0e000000, 0x12110200, 0x0400ba39, 0x02000e00, 0xba391211, 
    0x0e000800, 0x12110200, 0x0c00ba39, 0x02000e00, 0xba391211, 0x0e001000, 0x12110200, 0x1400ba39, 0x02000e00, 0x30391211, 0x37351331, 0x17371517, 
    0x011f010f, 0x07152707, 0x27073527, 0x012f013f, 0x2828af37, 0x450f3746, 0x46370f45, 0x37462828, 0x0f45450f, 0x50ae0137, 0x28502828, 0x2828370f, 
    0x50280f37, 0x28502828, 0x2828370f, 0x00000f37, 0x32000100, 0x8601be00, 0x0f001202, 0x00b83f00, 0x00ba2b64, 0x00000004, 0x00b82b67, 0x00b81004, 
    0x00b8d008, 0x00b81000, 0xb800d00b, 0xb82f0a00, 0xba2f0200, 0x07000500, 0xb82b6700, 0xb8100500, 0xb8d00000, 0xb8100700, 0x30d00c00, 0x37351331, 
    0x17331517, 0x07152307, 0x27233527, 0x2828b437, 0x5a28285a, 0x285a2828, 0x5a900128, 0x285a2828, 0x28285a28, 0x0028285a, 0x32000100, 0x820088ff, 
    0x04005000, 0x00b81700, 0x00ba2b64, 0x00020000, 0xb8002b67, 0xb82f0100, 0x302f0300, 0x27071731, 0x28823335, 0x28505028, 0x0000a028, 0x32000100, 
    0x86014001, 0x05009001, 0x00b80f00, 0xba002b64, 0x02000000, 0x302b6700, 0x07170131, 0x01372721, 0xfe28285e, 0x012828fc, 0x28282890, 0x00000028, 
    0x32000100, 0x82000000, 0x03005000, 0x00b81700, 0x00ba2b64, 0x00010000, 0xba002b67, 0x00000300, 0x302b6700, 0x35233331, 0x50508233, 0x00000050, 
    0x32000200, 0xd6010000, 0x0500d002, 0x0f000b00, 0x2b6400b8, 0x0100b800, 0x0700b82f, 0x0131302f, 0x03173237, 0x22010f23, 0x01331327, 0x143c770f, 
    0x77162d9a, 0x2d9a143c, 0x28f2de01, 0xf280cafe, 0x00360128, 0x32000600, 0xd6010000, 0x0600d002, 0x11000c00, 0x1c001700, 0xaf002300, 0x2b6400b8, 
    0x2f2400b8, 0x2f0500b8, 0xdc0200b8, 0x000700ba, 0x11020005, 0x00b83912, 0x00b81024, 0x00b8d00d, 0x00b82f0d, 0x00b8dc0b, 0x00b8d010, 0x00b8100b, 
    0x00b8d013, 0x00b82f13, 0x00b8100d, 0x00b8d014, 0x00ba2f14, 0x00050017, 0x39121102, 0x100b00b8, 0xd01800b8, 0x100d00b8, 0xd01b00b8, 0x100500b8, 
    0xd01d00b8, 0x100200b8, 0xd02100b8, 0x100200b8, 0xdc2500b8, 0x0500ba00, 0x67000700, 0x1700ba2b, 0x67001e00, 0x0500b82b, 0x0b00b810, 0x0d00bad0, 
    0x05000700, 0xb8391211, 0xb8101e00, 0xbad01300, 0x1e001c00, 0x12111700, 0x01313039, 0x07061117, 0x21133527, 0x33372726, 0x17371105, 0x27231315, 
    0x05213736, 0x11270715, 0x16373505, 0x01071117, 0x280a14c2, 0xd4fe0a1e, 0xf0500a28, 0x3c14c0fe, 0x0a50eff0, 0xfe2b0128, 0x01143cf2, 0x0a281e54, 
    0x145e0114, 0x0a28e8fe, 0xdefed250, 0x0a1e280a, 0x3c140401, 0x1e1c02be, 0xbe640a28, 0x0401143c, 0x0a50d2dc, 0x14e8fe28, 0x32000200, 0x82000000, 
    0x0600d002, 0x2f000d00, 0x2b5a00b8, 0x000200ba, 0x2b5d0005, 0x100500b8, 0xd00700b8, 0x100200b8, 0xd00b00b8, 0x100200b8, 0xdc0f00b8, 0x0400b800, 
    0x0900b82f, 0x1331302f, 0x07061117, 0x37023d27, 0x07111716, 0x280a146e, 0x0a281e1e, 0x145e0114, 0x0a28e8fe, 0xd28cd250, 0xfe280a50, 0x000014e8, 
    0x32000500, 0xd6010000, 0x0500d002, 0x10000b00, 0x1d001600, 0x00b8a500, 0x00b82b64, 0x00b82f1e, 0x00b82f00, 0x00b8d002, 0x00b8101e, 0x00b8d00c, 
    0x00b82f0c, 0x00b8dc0a, 0x00b8d003, 0x00b8100a, 0x00b8d005, 0x00b81000, 0x00badc1c, 0x00000006, 0x3912111c, 0x100a00b8, 0xd00f00b8, 0x100a00b8, 
    0xd01200b8, 0x2f1200b8, 0x100c00b8, 0xd01300b8, 0x2f1300b8, 0x001600ba, 0x111c0000, 0x00b83912, 0x00b81000, 0x00b8d017, 0x00b8101c, 0xba00dc1f, 
    0x06000b00, 0xba2b6700, 0x18001600, 0xba2b6700, 0x02000000, 0xba2b6700, 0x06000c00, 0x12110b00, 0x1800b839, 0x1200b810, 0x013130d0, 0x27210717, 
    0x26210137, 0x05213727, 0x15173711, 0x36272313, 0x35032137, 0x11171637, 0x28860107, 0x28fcfe28, 0xfe2c0128, 0x500a28b6, 0xa2fe0e01, 0xeff03c14, 
    0x01280a50, 0x281e0a2b, 0x9001140a, 0x28282828, 0x280a70fe, 0x04010a1e, 0x02be3c14, 0x0a281e1c, 0x50d2defe, 0xe8fe280a, 0x00000014, 0x32000500, 
    0xd6010000, 0x0500d002, 0x12000c00, 0x1f001800, 0x00b86b00, 0x00ba2b5a, 0x0000001e, 0x00b82b5d, 0x00b8101e, 0x00b8d007, 0x00b81000, 0x00bad00b, 
    0x0000000d, 0x3912111e, 0x001800ba, 0x111e0000, 0x00b83912, 0x00b81000, 0x00b8d019, 0x00b8101e, 0xba00dc21, 0x0d000b00, 0xba2b5d00, 0x1a001800, 
    0xba2b5d00, 0x02000000, 0xb82b5d00, 0xb8100b00, 0xb8d01100, 0xb8101a00, 0x30d01400, 0x07170131, 0x05372721, 0x07061117, 0x21133527, 0x33372726, 
    0x36272311, 0x35032137, 0x11171637, 0x28860107, 0x28fcfe28, 0x14400128, 0x0a1e280a, 0x0a28d4fe, 0x50eff050, 0x2b01280a, 0x0a281e0a, 0x28900114, 
    0x32282828, 0x28e8fe14, 0xfed2500a, 0x1e280ade, 0x281e3002, 0xd2defe0a, 0xfe280a50, 0x000014e8, 0x32000400, 0xd6010000, 0x0500d002, 0x11000c00, 
    0x6d001800, 0x2b6400b8, 0x2f1900b8, 0x2f0000b8, 0xd00200b8, 0x101900b8, 0xd01000b8, 0x2f1000b8, 0xdc0500b8, 0xd00300b8, 0x100000b8, 0xdc1700b8, 
    0xd00700b8, 0x100000b8, 0xd00b00b8, 0x100500b8, 0xd00d00b8, 0x100000b8, 0xd01200b8, 0x101700b8, 0xdc1a00b8, 0x1400b800, 0x0a00b82f, 0x0000ba2f, 
    0x67000200, 0x1100ba2b, 0x14000a00, 0x30391211, 0x07170131, 0x05372721, 0x07061117, 0x15013527, 0x05112707, 0x17163735, 0x86010711, 0xfcfe2828, 
    0x40012828, 0x1e280a14, 0x143cfcfe, 0x281e5401, 0x9001140a, 0x28282828, 0xe8fe1432, 0xd2500a28, 0x3cdc6801, 0xfa220114, 0x280a50d2, 0x0014e8fe, 
    0x32000500, 0xd6010000, 0x0500d002, 0x12000c00, 0x1d001800, 0x00b8ad00, 0x00b82b64, 0x00b82f1e, 0x00b82f02, 0x00b8d000, 0x00b8101e, 0x00b8d010, 
    0x00b82f10, 0x00b8dc11, 0x00b8d003, 0x00b81011, 0x00b8d005, 0x00b81002, 0x00b8dc07, 0x00b81002, 0x00bad00b, 0x0002000d, 0x39121107, 0x101100b8, 
    0xd01400b8, 0x2f1400b8, 0x101000b8, 0xd01500b8, 0x2f1500b8, 0x001800ba, 0x11070002, 0x00b83912, 0x00b81011, 0x00b8d019, 0x00b81010, 0x00b8d01c, 
    0x00b81007, 0xba00dc1f, 0x0d000b00, 0xba2b6700, 0x13001800, 0xba2b6700, 0x02000000, 0xb82b6700, 0xb8100b00, 0xbad01100, 0x13001d00, 0x12111800, 
    0x01313039, 0x27210717, 0x11170537, 0x35270706, 0x27262113, 0x21133337, 0x21373627, 0x27071505, 0x28860111, 0x28fcfe28, 0x14400128, 0x0a1e280a, 
    0x0a28d4fe, 0xfe1ef050, 0x280a50f3, 0xd4fe4901, 0x9001143c, 0x28282828, 0xe8fe1432, 0xd2500a28, 0x280adefe, 0x1e30021e, 0xbe640a28, 0x0401143c, 
    0x32000600, 0xd6010000, 0x0500d002, 0x12000c00, 0x1d001700, 0xbf002200, 0x2b6400b8, 0x2f2300b8, 0x2f0200b8, 0xd00000b8, 0x102300b8, 0xd01300b8, 
    0x2f1300b8, 0xdc1100b8, 0xd00300b8, 0x101100b8, 0xd00500b8, 0x100200b8, 0xdc0700b8, 0x100200b8, 0xd00b00b8, 0x000d00ba, 0x11070002, 0x00b83912, 
    0x00b81011, 0x00b8d016, 0x00b81011, 0x00b8d019, 0x00b82f19, 0x00b81013, 0x00b8d01a, 0x00ba2f1a, 0x0002001d, 0x39121107, 0x101100b8, 0xd01e00b8, 
    0x101300b8, 0xd02100b8, 0x100700b8, 0xdc2400b8, 0x0b00ba00, 0x67000d00, 0x1d00ba2b, 0x67001800, 0x0000ba2b, 0x67000200, 0x0b00b82b, 0x1100b810, 
    0x1300bad0, 0x0b000d00, 0xba391211, 0x18002200, 0x12111d00, 0x01313039, 0x27210717, 0x11170537, 0x35270706, 0x27262113, 0x11053337, 0x01151737, 
    0x37362721, 0x07150521, 0x86011127, 0xfcfe2828, 0x40012828, 0x1e280a14, 0x28d4fe0a, 0xfef0500a, 0x013c14c0, 0x50f3fe0e, 0x4901280a, 0x143cd4fe, 
    0x28289001, 0x14322828, 0x0a28e8fe, 0xdefed250, 0x0a1e280a, 0x3c140401, 0x1e1c02be, 0xbe640a28, 0x0401143c, 0x32000400, 0xd6010000, 0x0600d002, 
    0x11000c00, 0x77001800, 0x2b5a00b8, 0x2f1900b8, 0x2f0500b8, 0xdc0200b8, 0x101900b8, 0xd01000b8, 0x2f1000b8, 0xdc0e00b8, 0xd00800b8, 0x2f0800b8, 
    0x101000b8, 0xd00900b8, 0x2f0900b8, 0x000c00ba, 0x11020005, 0x00b83912, 0x00b81005, 0x00b8d012, 0x00b81002, 0x00b8d016, 0x00b81002, 0xb800dc1a, 
    0xba2f0400, 0x13000c00, 0xb82b5d00, 0xb8101300, 0xbad00800, 0x13001100, 0x12110c00, 0x01313039, 0x07061117, 0x23033527, 0x21373627, 0x27071505, 
    0x37350511, 0x07111716, 0x0a14c201, 0xef141e28, 0x01280a50, 0x3cf2fe2b, 0x1e540114, 0x01140a28, 0xe8fe145e, 0xd2500a28, 0x281e5e01, 0x3cbe640a, 
    0xdc040114, 0x280a50d2, 0x0014e8fe, 0x32000700, 0xd6010000, 0x0500d002, 0x12000c00, 0x1d001700, 0x29002200, 0x00b8d300, 0x00b82b5a, 0x00b82f2a, 
    0x00b82f00, 0x00b8d002, 0x00b8102a, 0x00b8d013, 0x00b82f13, 0x00b8dc11, 0x00b8d003, 0x00b81011, 0x00b8d005, 0x00b81000, 0x00b8dc28, 0x00b8d007, 
    0x00b81000, 0x00bad00b, 0x0000000d, 0x39121128, 0x101100b8, 0xd01600b8, 0x101100b8, 0xd01900b8, 0x2f1900b8, 0x101300b8, 0xd01a00b8, 0x2f1a00b8, 
    0x001d00ba, 0x11280000, 0x00b83912, 0x00b81011, 0x00b8d01e, 0x00b81013, 0x00b8d021, 0x00b81000, 0x00b8d023, 0x00b81028, 0xba00dc2b, 0x0d000b00, 
    0xba2b5d00, 0x24001d00, 0xba2b5d00, 0x02000000, 0xb82b5d00, 0xb8100b00, 0xbad01100, 0x0d001300, 0x12110b00, 0x2400b839, 0x1900b810, 0x2200bad0, 
    0x1d002400, 0x30391211, 0x07170131, 0x05372721, 0x07061117, 0x21133527, 0x33372726, 0x17371105, 0x27231315, 0x05213736, 0x11270715, 0x16373505, 
    0x01071117, 0xfe282886, 0x012828fc, 0x280a1440, 0xd4fe0a1e, 0xf0500a28, 0x3c14c0fe, 0x0a50eff0, 0xfe2b0128, 0x01143cf2, 0x0a281e54, 0x28900114, 
    0x32282828, 0x28e8fe14, 0xfed2500a, 0x1e280ade, 0x1404010a, 0x1c02be3c, 0x640a281e, 0x01143cbe, 0x50d2dc04, 0xe8fe280a, 0x00000014, 0x32000600, 
    0xd6010000, 0x0500d002, 0x12000c00, 0x1d001800, 0xc1002400, 0x2b5a00b8, 0x2f2500b8, 0x2f0000b8, 0xd00200b8, 0x102500b8, 0xd01000b8, 0x2f1000b8, 
    0xdc1100b8, 0xd00300b8, 0x101100b8, 0xd00500b8, 0x100000b8, 0xdc2300b8, 0xd00700b8, 0x100000b8, 0xd00b00b8, 0x000d00ba, 0x11230000, 0x00b83912, 
    0x00b81011, 0x00b8d014, 0x00b82f14, 0x00b81010, 0x00b8d015, 0x00ba2f15, 0x00000018, 0x39121123, 0x101100b8, 0xd01900b8, 0x101000b8, 0xd01c00b8, 
    0x100000b8, 0xd01e00b8, 0x102300b8, 0xdc2600b8, 0x0b00ba00, 0x5d000d00, 0x1800ba2b, 0x5d001f00, 0x0000ba2b, 0x5d000200, 0x0b00b82b, 0x1100b810, 
    0x1f00b8d0, 0x1400b810, 0x1d00bad0, 0x18001f00, 0x30391211, 0x07170131, 0x05372721, 0x07061117, 0x21133527, 0x33372726, 0x36272311, 0x15052137, 
    0x05112707, 0x17163735, 0x86010711, 0xfcfe2828, 0x40012828, 0x1e280a14, 0x28d4fe0a, 0xeff0500a, 0x01280a50, 0x3cf2fe2b, 0x1e540114, 0x01140a28, 
    0x28282890, 0xfe143228, 0x500a28e8, 0x0adefed2, 0x30021e28, 0x640a281e, 0x01143cbe, 0x50d2dc04, 0xe8fe280a, 0x00000014, 0x32000200, 0x8200a000, 
    0x03003002, 0x2f000700, 0x2b8200b8, 0x000000ba, 0x2b850001, 0x100000b8, 0xd00400b8, 0x100100b8, 0xd00500b8, 0x0300ba00, 0x85000000, 0x0700ba2b, 
    0x85000400, 0x3731302b, 0x35333523, 0x82333523, 0x50505050, 0x50f050a0, 0x32000200, 0x820088ff, 0x03003002, 0x2b000800, 0x2b6400b8, 0x000000ba, 
    0x2b670001, 0x100000b8, 0xd00400b8, 0x100100b8, 0xd00600b8, 0x0500b800, 0x0300ba2f, 0x67000000, 0x1331302b, 0x11333523, 0x33352707, 0x28505082, 
    0xe0015028, 0x2880fd50, 0x0000a028, 0x32000200, 0x40019600, 0x04003a02, 0x23000900, 0x2b6400b8, 0x0200b800, 0x0600b82f, 0x0100ba2f, 0x02000600, 
    0xba391211, 0x06000800, 0x12110200, 0x13313039, 0x17333723, 0x27230711, 0xc86ea033, 0x281e1e28, 0x72016ec8, 0xaafe27c8, 0x0000c827, 0x32000200, 
    0x8601ef00, 0x0500e001, 0x17000b00, 0x2b6400b8, 0x0600ba00, 0x67000800, 0x0000ba2b, 0x67000200, 0x0131302b, 0x27210717, 0x07170537, 0x01372721, 
    0xfe28285e, 0x012828fc, 0xfe282804, 0x012828fc, 0x282828e0, 0x2828a128, 0x00002828, 0x32000200, 0x40019600, 0x04003a02, 0x23000900, 0x2b6400b8, 
    0x0100b800, 0x0700b82f, 0x0300ba2f, 0x01000700, 0xba391211, 0x07000600, 0x12110100, 0x13313039, 0x23173337, 0x23073315, 0x281e3227, 0xc86e6ec8, 
    0x13021e28, 0xc814c827, 0x00000027, 0x32000500, 0xd6010000, 0x0500d002, 0x10000a00, 0x1b001700, 0x00b89900, 0x00b82b64, 0x00b82f1c, 0x00b82f00, 
    0x00b8d002, 0x00b8101c, 0x00b8d006, 0x00b82f06, 0x00b8dc0a, 0x00b8d003, 0x00b8100a, 0x00b8d005, 0x00b8100a, 0x00b8d00c, 0x00b82f0c, 0x00b81006, 
    0x00b8d00d, 0x00b82f0d, 0x00b81000, 0x00badc16, 0x00000010, 0x39121116, 0x100000b8, 0xd01100b8, 0x100a00b8, 0xd01800b8, 0x100600b8, 0xd01900b8, 
    0x101600b8, 0xdc1d00b8, 0x1b00ba00, 0x67001800, 0x1000ba2b, 0x67001200, 0x0000ba2b, 0x67000200, 0x1200b82b, 0x0c00b810, 0x013130d0, 0x27210717, 
    0x37350737, 0x23131517, 0x21373627, 0x16373503, 0x01071117, 0x01333523, 0xfe282886, 0x502828fc, 0xeff03c14, 0x01280a50, 0x281e0a2b, 0xc0fe140a, 
    0x90015050, 0x28282828, 0x3c14aaf0, 0x1ee00182, 0xdefe0a28, 0x280a50d2, 0xfe14e8fe, 0x0000508e, 0x32000a00, 0xd6010000, 0x0600d002, 0x11000c00, 
    0x1c001700, 0x29002300, 0x33002e00, 0xcd003900, 0x2b6400b8, 0x000b00ba, 0x2b67000d, 0x002900ba, 0x2b67002a, 0x000200ba, 0x2b670005, 0x000700ba, 
    0x11020005, 0x00b83912, 0x00b8100b, 0x00bad010, 0x00050017, 0x39121102, 0x100b00b8, 0xd01800b8, 0x100d00b8, 0xd01b00b8, 0x100500b8, 0xd01d00b8, 
    0x100200b8, 0xd02100b8, 0x102a00b8, 0xd03200b8, 0x003300ba, 0x1102000d, 0x00b83912, 0x00b81029, 0x00b8d034, 0x00b81002, 0xba00dc3b, 0x07000c00, 
    0xba2b6700, 0x1e001700, 0xba2b6700, 0x25002800, 0xba2b6700, 0x34003900, 0xba2b6700, 0x07000d00, 0x12110c00, 0x1e00b839, 0x1300b810, 0x1c00bad0, 
    0x17001e00, 0xba391211, 0x25002a00, 0x12112800, 0x3300ba39, 0x39003400, 0x30391211, 0x15170131, 0x35270706, 0x27262113, 0x11053337, 0x13151737, 
    0x37362723, 0x07150521, 0x35051127, 0x11171637, 0x2726020f, 0x35073337, 0x35151737, 0x35270715, 0x36272317, 0xc2011737, 0x1e280a14, 0x28d4fe0a, 
    0xfef0500a, 0xf03c14c0, 0x280a50ef, 0xf2fe2b01, 0x5401143c, 0x140a281e, 0x0a288c32, 0x14a05050, 0xa0143c3c, 0x280a5050, 0x145e016e, 0x500a2878, 
    0x0adefe32, 0x010a1e28, 0xbe3c1404, 0x281e1c02, 0x3cbe640a, 0xdc040114, 0x280a50d2, 0xd214e8fe, 0x1f280a01, 0x3c14640a, 0x3c1ec81e, 0x1f0a6414, 
    0x00010a28, 0x32000600, 0xd6010000, 0x0500d002, 0x12000c00, 0x1e001700, 0xaf002500, 0x2b6400b8, 0x2f2600b8, 0x2f0000b8, 0xd00200b8, 0x102600b8, 
    0xd01600b8, 0x2f1600b8, 0xdc0500b8, 0xd00300b8, 0x100000b8, 0xdc1d00b8, 0xd00700b8, 0x100000b8, 0xd00b00b8, 0x100500b8, 0xd00e00b8, 0x2f0e00b8, 
    0x101600b8, 0xd00f00b8, 0x2f0f00b8, 0x001200ba, 0x111d0000, 0x00b83912, 0x00b81005, 0x00b8d013, 0x00b81000, 0x00b8d018, 0x00b81005, 0x00b8d01f, 
    0x00b81016, 0x00b8d023, 0x00b8101d, 0xb800dc27, 0xb82f0a00, 0xba2f2100, 0x19001200, 0xba2b6700, 0x02000000, 0xb82b6700, 0xb8101900, 0xbad00e00, 
    0x19001700, 0x12111200, 0x01313039, 0x27210717, 0x11170537, 0x35270706, 0x36272303, 0x15052137, 0x05112707, 0x17163735, 0x15050711, 0x11272607, 
    0x28860137, 0x28fcfe28, 0x14400128, 0x141e280a, 0x280a50ef, 0xf2fe2b01, 0x5401143c, 0x140a281e, 0x281ec0fe, 0x9001140a, 0x28282828, 0xe8fe1432, 
    0xd2500a28, 0x281e5e01, 0x3cbe640a, 0xdc040114, 0x280a50d2, 0x5014e8fe, 0x280a50d2, 0x00141801, 0x32000700, 0xd6010000, 0x0500d002, 0x10000a00, 
    0x1b001500, 0x27002100, 0x00b8af00, 0x00b82b64, 0x00b82f28, 0x00b82f00, 0x00b8d002, 0x00b81028, 0x00b8d006, 0x00b82f06, 0x00b8dc26, 0x00b8d003, 
    0x00b81026, 0x00b8d005, 0x00b81026, 0x00b8d009, 0x00b81026, 0x00b8d00c, 0x00b81006, 0x00b8d00d, 0x00b81026, 0x00b8d011, 0x00b81006, 0x00b8d014, 
    0x00b81000, 0x00b8d016, 0x00b81000, 0x00b8dc1a, 0x00b8d01d, 0x00b81000, 0x00b8d020, 0x00b81006, 0x00b8d024, 0x00b8101a, 0xba00dc29, 0x23002700, 
    0xba2b6700, 0x0b000f00, 0xba2b6700, 0x02000000, 0xba2b6700, 0x23000600, 0x12112700, 0x1500ba39, 0x0f000b00, 0x30391211, 0x07170131, 0x03372721, 
    0x15173711, 0x35272313, 0x15051721, 0x05112707, 0x15173735, 0x15171507, 0x17352707, 0x37352107, 0x28860133, 0x28fcfe28, 0x3c145028, 0x0150f0f0, 
    0xe8fe2840, 0x5401143c, 0x1414321e, 0x28131e32, 0xef50c1fe, 0x28289001, 0xb6fe2828, 0x3c140401, 0x1e1c02be, 0xbe3c2832, 0x0401143c, 0x321ed2dc, 
    0x141414e6, 0xd21e32e6, 0x1e3228fa, 0x32000400, 0xae010000, 0x0500d002, 0x10000a00, 0x4b001500, 0x2b6400b8, 0x000400ba, 0x2b670006, 0x100400b8, 
    0xd00900b8, 0x100400b8, 0xd01100b8, 0x100600b8, 0xd01400b8, 0x0500ba00, 0x67000000, 0x1000ba2b, 0x67000b00, 0x0600ba2b, 0x05000000, 0xba391211, 
    0x0b001500, 0x12111000, 0x29313039, 0x37272601, 0x37110521, 0x21011517, 0x21373627, 0x27071505, 0xfeae0111, 0x500a28b6, 0xa2fe0e01, 0x0e013c14, 
    0x0a50f3fe, 0xfe490128, 0x0a143cd4, 0x010a1e28, 0xbe3c1404, 0x281e1c02, 0x3cbe640a, 0x00040114, 0x32000600, 0xd6010000, 0x0400d002, 0x0f000a00, 
    0x1b001500, 0x8b002100, 0x2b6400b8, 0x2f2200b8, 0x2f1000b8, 0x102200b8, 0xd00000b8, 0x2f0000b8, 0xdc2000b8, 0xd00300b8, 0x102000b8, 0xd00600b8, 
    0x100000b8, 0xd00700b8, 0x102000b8, 0xd00b00b8, 0x100000b8, 0xd00e00b8, 0x101000b8, 0xdc1400b8, 0xd01700b8, 0x101000b8, 0xd01a00b8, 0x100000b8, 
    0xd01e00b8, 0x101400b8, 0xdc2300b8, 0x2100ba00, 0x67001d00, 0x0900ba2b, 0x67000500, 0x0000ba2b, 0x21001d00, 0xba391211, 0x05000f00, 0x12110900, 
    0x37313039, 0x15173711, 0x35272313, 0x15051721, 0x05112707, 0x15173735, 0x15171507, 0x17352707, 0x37352107, 0x3c143233, 0x0150f0f0, 0xe8fe2840, 
    0x5401143c, 0x1414321e, 0x28131e32, 0xef50c1fe, 0x14040146, 0x1c02be3c, 0x3c28321e, 0x01143cbe, 0x1ed2dc04, 0x1414e632, 0x1e32e614, 0x3228fad2, 
    0x0000001e, 0x32000500, 0xae010000, 0x0500d002, 0x10000b00, 0x1b001600, 0x00b85300, 0x00ba2b64, 0x000c000a, 0x00b82b67, 0x00b8100a, 0x00b8d00f, 
    0x00b8100a, 0x00b8d017, 0x00b8100c, 0xba00d01a, 0x06000b00, 0xba2b6700, 0x11001600, 0xba2b6700, 0x02000000, 0xba2b6700, 0x06000c00, 0x12110b00, 
    0x1b00ba39, 0x16001100, 0x30391211, 0x07170131, 0x01372721, 0x37272621, 0x37110521, 0x21011517, 0x21373627, 0x27071505, 0x28860111, 0x28fcfe28, 
    0xfe2c0128, 0x500a28b6, 0xa2fe0e01, 0x0e013c14, 0x0a50f3fe, 0xfe490128, 0x01143cd4, 0x28282890, 0x0a70fe28, 0x010a1e28, 0xbe3c1404, 0x281e1c02, 
    0x3cbe640a, 0x00040114, 0x32000400, 0xae010000, 0x0500d002, 0x10000b00, 0x45001700, 0x2b6400b8, 0x000500ba, 0x2b67000f, 0x100500b8, 0xd00c00b8, 
    0x100500b8, 0xd01100b8, 0x100f00b8, 0xd01500b8, 0x1300b800, 0x0b00ba2f, 0x67000600, 0x0000ba2b, 0x67000200, 0x1000ba2b, 0x0b000600, 0x30391211, 
    0x07170131, 0x25372721, 0x37362721, 0x07150521, 0x15131127, 0x11272607, 0x28860137, 0x28fcfe28, 0xfe0e0128, 0x280a50f3, 0xd4fe4901, 0x1e50143c, 
    0x01140a28, 0x28282890, 0x281ef028, 0x3cbe640a, 0xfe040114, 0x0a50d298, 0x14180128, 0x32000600, 0xd6010000, 0x0500d002, 0x12000c00, 0x1d001700, 
    0xaf002200, 0x2b6400b8, 0x2f2300b8, 0x2f0200b8, 0xd00000b8, 0x100200b8, 0xdc0700b8, 0x100200b8, 0xd00b00b8, 0x000d00ba, 0x11070002, 0x00b83912, 
    0x00b81023, 0x00b8d013, 0x00b82f13, 0x00b8dc11, 0x00b8d016, 0x00b81011, 0x00b8d019, 0x00b82f19, 0x00b81013, 0x00b8d01a, 0x00ba2f1a, 0x0002001d, 
    0x39121107, 0x101100b8, 0xd01e00b8, 0x101300b8, 0xd02100b8, 0x100700b8, 0xdc2400b8, 0x0b00ba00, 0x67000d00, 0x1d00ba2b, 0x67001800, 0x0000ba2b, 
    0x67000200, 0x0b00b82b, 0x1100b810, 0x1300bad0, 0x0b000d00, 0xba391211, 0x18002200, 0x12111d00, 0x01313039, 0x27230717, 0x11011f37, 0x35270706, 
    0x27262113, 0x11053337, 0x01151737, 0x37362721, 0x07150521, 0x86011127, 0x285a2828, 0x0a149628, 0xfe0a1e28, 0x500a28d4, 0x14c0fef0, 0xfe0e013c, 
    0x280a50f3, 0xd4fe4901, 0x9001143c, 0x28282828, 0xe8fe1432, 0xd2500a28, 0x280adefe, 0x04010a1e, 0x02be3c14, 0x0a281e1c, 0x143cbe64, 0x00000401, 
    0x32000500, 0xd6010000, 0x0500d002, 0x13000c00, 0x21001a00, 0x00b87700, 0x00b82b64, 0x00b82f22, 0x00b82f00, 0x00b8d002, 0x00b81022, 0x00b8d018, 
    0x00b82f18, 0x00b8dc15, 0x00b8d003, 0x00b81015, 0x00b8d005, 0x00b81000, 0x00b8dc12, 0x00b8d007, 0x00b81000, 0x00b8d00b, 0x00b81000, 0x00b8d00d, 
    0x00b81018, 0x00b8d01c, 0x00b81015, 0x00b8d020, 0x00b81012, 0xb800dc23, 0xb82f0a00, 0xb82f1600, 0xba2f0f00, 0x02000000, 0x302b6700, 0x07170131, 
    0x05372721, 0x07061117, 0x37023d27, 0x07111716, 0x26071505, 0x35371127, 0x37361127, 0x86011517, 0xfcfe2828, 0x40012828, 0x1e280a14, 0x140a281e, 
    0x281ec0fe, 0x0a14140a, 0x90011e28, 0x28282828, 0xe8fe1432, 0xd2500a28, 0x0a50d28c, 0x14e8fe28, 0x0a50d250, 0x14180128, 0x1801140a, 0xd2500a28, 
    0x32000200, 0x82000a00, 0x0600d002, 0x27000d00, 0x2b7800b8, 0x000500ba, 0x2b7b0000, 0x100500b8, 0xd00800b8, 0x100000b8, 0xd00c00b8, 0x0200b800, 
    0x0b00b82f, 0x1331302f, 0x17163735, 0x17150711, 0x27070611, 0x281e3235, 0x0a14140a, 0xae011e28, 0x280a50d2, 0x0a14e8fe, 0x28e8fe14, 0x00d2500a, 
    0x32000400, 0xd6010000, 0x0600d002, 0x11000c00, 0x67001800, 0x2b6400b8, 0x2f1900b8, 0x2f0500b8, 0xdc0200b8, 0x000700ba, 0x11020005, 0x00b83912, 
    0x00b81019, 0x00b8d00d, 0x00b82f0d, 0x00b8dc0b, 0x00b8d010, 0x00b81005, 0x00b8d012, 0x00b81002, 0x00b8d016, 0x00b81002, 0xb800dc1a, 0xba2f1400, 
    0x07000500, 0xb82b6700, 0xb8100500, 0xbad00b00, 0x07000d00, 0x12110500, 0x01313039, 0x07061117, 0x21133527, 0x33372726, 0x17371105, 0x37350115, 
    0x07111716, 0x0a14c201, 0xfe0a1e28, 0x500a28d4, 0x14c0fef0, 0x1e04013c, 0x01140a28, 0xe8fe145e, 0xd2500a28, 0x280adefe, 0x04010a1e, 0x01be3c14, 
    0x0a50d24a, 0x14e8fe28, 0x32000500, 0xd6010000, 0x0500d002, 0x12000c00, 0x20001900, 0x00b87f00, 0x00b82b64, 0x00b82f21, 0x00b82f02, 0x00b8d000, 
    0x00b81021, 0x00b8d017, 0x00b82f17, 0x00b8dc14, 0x00b8d003, 0x00b81014, 0x00b8d005, 0x00b81002, 0x00b8dc07, 0x00b81002, 0x00b8d00b, 0x00b81002, 
    0x00b8d00e, 0x00b81007, 0x00b8d010, 0x00b81017, 0x00b8d01b, 0x00b81014, 0x00b8d01f, 0x00b81007, 0xb800dc22, 0xb82f0e00, 0xb82f1e00, 0xb82f0a00, 
    0xba2f1500, 0x02000000, 0x302b6700, 0x07170131, 0x05372721, 0x07061117, 0x37273527, 0x23011732, 0x26071507, 0x35371127, 0x37361127, 0x86011517, 
    0xfcfe2828, 0x40012828, 0x1e280a14, 0x143cf0f0, 0x143cfcfe, 0x140a281e, 0x1e280a14, 0x28289001, 0x14322828, 0x0a28e8fe, 0xf0bed250, 0x82fcfe28, 
    0x280a50d2, 0x14141801, 0x28180114, 0x00d2500a, 0x32000300, 0xd6010000, 0x0600d002, 0x13000c00, 0x00b83d00, 0x00ba2b64, 0x00040001, 0x00ba2b67, 
    0x0004000c, 0x39121101, 0x100400b8, 0xd00e00b8, 0x100100b8, 0xd01200b8, 0x1100b800, 0x0100ba2f, 0x67000c00, 0x0100b82b, 0x0800b810, 0x133130d0, 
    0x27260715, 0x33133711, 0x21070617, 0x36112703, 0x82151737, 0x140a281e, 0x0a50f050, 0x32d4fe28, 0x1e280a14, 0x50d22201, 0x1801280a, 0x1ef2fe14, 
    0x72010a28, 0x28180114, 0x00d2500a, 0x32000600, 0xd6010000, 0x0400d002, 0x11000b00, 0x1d001600, 0xbb002400, 0x2b6400b8, 0x2f2500b8, 0xd01500b8, 
    0x2f1500b8, 0xdc0200b8, 0x60000341, 0x01000200, 0x0003415d, 0x000200c0, 0x00b85d01, 0x00b8dc00, 0x00b81002, 0x0341dc0a, 0x0a00c000, 0x415d0100, 
    0x00600003, 0x5d01000a, 0xdc0700b8, 0x101500b8, 0xdc1300b8, 0xd00d00b8, 0x2f0d00b8, 0x101500b8, 0xd00e00b8, 0x2f0e00b8, 0x001100ba, 0x1107000a, 
    0x00b83912, 0x00b8100a, 0x00b8d017, 0x00b81007, 0x00b8d01b, 0x00b81013, 0x00b8d01e, 0x00b81015, 0x00b8d022, 0x00b81007, 0xb800dc26, 0xb82f0900, 
    0xba2f2000, 0x18001100, 0xb82b6700, 0xb8101800, 0xbad00d00, 0x18001600, 0x12111100, 0x01313039, 0x33352707, 0x06111713, 0x03352707, 0x37362723, 
    0x07150521, 0x35051127, 0x11171637, 0x07150507, 0x37112726, 0x28282c01, 0x0a149650, 0xef141e28, 0x01280a50, 0x3cf2fe2b, 0x1e540114, 0xfe140a28, 
    0x0a281ec0, 0x28860114, 0xf2fee628, 0x28e8fe14, 0x01d2500a, 0x0a281e5e, 0x143cbe64, 0xd2dc0401, 0xfe280a50, 0xd25014e8, 0x01280a50, 0x00001418, 
    0x32000500, 0xd6010000, 0x0600c602, 0x13000c00, 0x21001a00, 0x00b85f00, 0x00b82b64, 0x00b82f22, 0x00b82f12, 0x00b81022, 0x00b8d004, 0x00b82f04, 
    0x00b8dc01, 0x00b81012, 0x00b8dc0f, 0x00b81012, 0x00b8d014, 0x00b8100f, 0x00b8d018, 0x00b81004, 0x00b8d01c, 0x00b81001, 0x00b8d020, 0x00b8100f, 
    0xb800dc23, 0xb82f0200, 0xb82f1100, 0xb82f1600, 0x302f1f00, 0x07151331, 0x37112726, 0x35272325, 0x11021f33, 0x3d270706, 0x17163702, 0x27210711, 
    0x17373611, 0x281e8215, 0x2c01140a, 0xa03c9646, 0x280a1450, 0x0a281e1e, 0x1484fe14, 0x011e280a, 0x0a50d222, 0x14180128, 0xa03c9646, 0xe8fe1478, 
    0xd2500a28, 0x0a50d282, 0x14e8fe28, 0x28180114, 0x00d2500a, 0x32000600, 0xd6010000, 0x0500d002, 0x11000b00, 0x1d001700, 0x53002300, 0x2b6400b8, 
    0x2f2400b8, 0x2f0600b8, 0xdc0a00b8, 0xd00d00b8, 0x100600b8, 0xd01000b8, 0x102400b8, 0xd01300b8, 0x2f1300b8, 0xdc1700b8, 0xd01e00b8, 0x101300b8, 
    0xd02100b8, 0x100a00b8, 0xdc2500b8, 0x1d00ba00, 0x67001900, 0x0400ba2b, 0x67000000, 0x0131302b, 0x33372723, 0x37350717, 0x15071517, 0x27071517, 
    0x35272535, 0x01151737, 0x37272307, 0x07152733, 0x01373527, 0x2828dc72, 0x1e1428dc, 0x32141432, 0x14c0fe1e, 0x18011e32, 0x2828dc28, 0x321ef0dc, 
    0x28800214, 0xd2fa2828, 0x14e6321e, 0x32e61414, 0x1450d21e, 0xd21e32e6, 0x28287afe, 0x1ed2d228, 0x0014e632, 0x32000500, 0xd6010000, 0x0500d002, 
    0x10000b00, 0x1d001600, 0x00b88500, 0x00b82b64, 0x00b82f1e, 0x00b82f00, 0x00b8d002, 0x00b8101e, 0x00b8d010, 0x00b82f10, 0x00b8dc07, 0x00b8d003, 
    0x00b81007, 0x00b8d005, 0x00b81010, 0x00b8d009, 0x00b81007, 0x00b8d00d, 0x00b81000, 0x00b8d011, 0x00b81000, 0x00b8dc15, 0x00b81007, 0x00b8d017, 
    0x00b81010, 0x00b8d01b, 0x00b81015, 0xb800dc1f, 0xba2f1900, 0x06000a00, 0xba2b6700, 0x02000000, 0xba2b6700, 0x06001000, 0x12110a00, 0x01313039, 
    0x27210717, 0x2723013f, 0x05172135, 0x11270715, 0x17373505, 0x15050715, 0x11272607, 0x28860137, 0x28fcfe28, 0x50f0f028, 0xfe284001, 0x01143ce8, 
    0x14321e54, 0x281ec0fe, 0x9001140a, 0x28282828, 0x28321ef0, 0x143cbe3c, 0xd2dc0401, 0x14e6321e, 0x0a50d250, 0x14180128, 0x32000700, 0xe001f6ff, 
    0x0400d002, 0x0f000a00, 0x1a001500, 0x27002100, 0x00b8ab00, 0x00b82b64, 0x00b82f28, 0x00b82f03, 0x00b8dc02, 0x00b81028, 0x00b8d00b, 0x00ba2f0b, 
    0x000b0005, 0x39121102, 0xdc0900b8, 0xd00e00b8, 0x100900b8, 0xd01100b8, 0x2f1100b8, 0x100b00b8, 0xd01200b8, 0x2f1200b8, 0x001500ba, 0x11020003, 
    0x00b83912, 0x00b81009, 0x00b8d016, 0x00b8100b, 0x00b8d019, 0x00b81003, 0x00b8d01b, 0x00b81002, 0x00b8d01f, 0x00b81002, 0xb800dc29, 0xba2f2500, 
    0x05000a00, 0xba2b6700, 0x1c001500, 0xba2b6700, 0x05000b00, 0x12110a00, 0x1c00b839, 0x1100b810, 0x1a00bad0, 0x15001c00, 0x30391211, 0x15170131, 
    0x21033527, 0x33372726, 0x17371107, 0x27231315, 0x05213736, 0x11270715, 0x16373505, 0x010f1117, 0x23151733, 0x14c20127, 0xe8fe0a50, 0xaa500a28, 
    0xf03c14fa, 0x280a50ef, 0xf2fe2b01, 0x5401143c, 0x140a281e, 0x3c823ca0, 0x145e0182, 0xfe7850f0, 0x1e280ade, 0x1404010a, 0x1c02be3c, 0x640a281e, 
    0x01143cbe, 0x50d2dc04, 0xe8fe280a, 0x3c82be14, 0x00000082, 0x32000600, 0xd6010000, 0x0500d002, 0x12000b00, 0x1f001800, 0xaf002400, 0x2b6400b8, 
    0x2f2500b8, 0x2f0000b8, 0xd00200b8, 0x102500b8, 0xd01000b8, 0x2f1000b8, 0xdc0d00b8, 0xd00300b8, 0x100d00b8, 0xd00500b8, 0x100000b8, 0xdc1e00b8, 
    0xd00800b8, 0x100000b8, 0xd00a00b8, 0x100d00b8, 0xd01400b8, 0x2f1400b8, 0x101000b8, 0xd01500b8, 0x2f1500b8, 0x001800ba, 0x111e0000, 0x00b83912, 
    0x00b81000, 0x00b8d019, 0x00b8100d, 0x00b8d020, 0x00b81010, 0x00b8d023, 0x00b8101e, 0xb800dc26, 0xb82f0a00, 0xba2f0e00, 0x1a001800, 0xba2b6700, 
    0x02000000, 0xb82b6700, 0xb8101a00, 0xbad01400, 0x1a002400, 0x12111800, 0x01313039, 0x27210717, 0x01331737, 0x012f2306, 0x27260715, 0x23013711, 
    0x21373627, 0x16373503, 0x25071117, 0x11270715, 0x28288601, 0x2828fcfe, 0x04013c14, 0x14f03c14, 0x140a281e, 0x50ef2c01, 0x2b01280a, 0x0a281e0a, 
    0x3cc0fe14, 0x28900114, 0x64282828, 0xf028fcfe, 0x0a50d232, 0x14180128, 0x281e2201, 0xd2defe0a, 0xfe280a50, 0xbefa14e8, 0x0401143c, 0x32000500, 
    0xd6010000, 0x0500d002, 0x12000c00, 0x1f001700, 0x00b8b300, 0x00b82b64, 0x00b82f20, 0x00b82f02, 0x00b8d000, 0x00b81020, 0x00b8d010, 0x00b82f10, 
    0x00b8dc11, 0x00b8d003, 0x00b81011, 0x00b8d005, 0x00b81002, 0x00b8dc07, 0x00b81002, 0x00bad00b, 0x0002000d, 0x39121107, 0x101100b8, 0xd01300b8, 
    0x101000b8, 0xd01600b8, 0x101100b8, 0xd01800b8, 0x2f1800b8, 0x101000b8, 0xd01900b8, 0x2f1900b8, 0x100700b8, 0xd01e00b8, 0x100200b8, 0xd01f00b8, 
    0x100700b8, 0xdc2100b8, 0x0b00ba00, 0x67000d00, 0x1b00ba2b, 0x67001800, 0x0000ba2b, 0x67000200, 0x0b00b82b, 0x1100b810, 0x1700bad0, 0x1b001800, 
    0x30391211, 0x07170131, 0x05372721, 0x07061117, 0x21133527, 0x33372726, 0x27071503, 0x36271711, 0x17162137, 0x28860107, 0x28fcfe28, 0x14400128, 
    0x0a1e280a, 0x0a28d4fe, 0x3cf0f050, 0x0a505114, 0x283f0128, 0x9001500a, 0x28282828, 0xe8fe1432, 0xd2500a28, 0x280adefe, 0xbe1c021e, 0x0401143c, 
    0x0a281e0a, 0x001e280a, 0x32000300, 0xd5010000, 0x0600d002, 0x13000b00, 0x00b82b00, 0x00ba2b64, 0x00050002, 0x00b82b67, 0x00b81005, 0x00b8d007, 
    0x00b81002, 0xb800d009, 0xba2f0400, 0x0c000f00, 0x302b6700, 0x11170131, 0x3d270706, 0x07153302, 0x37362703, 0x07171621, 0x0a280301, 0x28501e28, 
    0x280a5081, 0x0a283f01, 0x285e0150, 0x0a28fcfe, 0xd264e650, 0x0e0128d2, 0x0a0a281e, 0x00001e28, 0x32000500, 0xd6010000, 0x0600d002, 0x11000c00, 
    0x1f001800, 0x00b87700, 0x00b82b64, 0x00b82f20, 0x00b82f05, 0x00badc02, 0x00050007, 0x39121102, 0x102000b8, 0xd00d00b8, 0x2f0d00b8, 0xdc0b00b8, 
    0xd01000b8, 0x100500b8, 0xd01200b8, 0x100200b8, 0xd01600b8, 0x100d00b8, 0xd01a00b8, 0x100b00b8, 0xd01e00b8, 0x100200b8, 0xdc2100b8, 0x1400b800, 
    0x0500ba2f, 0x67000700, 0x0500b82b, 0x0b00b810, 0x0d00bad0, 0x05000700, 0x30391211, 0x11170131, 0x35270706, 0x27262113, 0x11053337, 0x01151737, 
    0x17163735, 0x27050711, 0x17373611, 0x14c20115, 0x0a1e280a, 0x0a28d4fe, 0xc0fef050, 0x04013c14, 0x140a281e, 0x0a1484fe, 0x5e011e28, 0x28e8fe14, 
    0xfed2500a, 0x1e280ade, 0x1404010a, 0x4a01be3c, 0x280a50d2, 0x0a14e8fe, 0x28180114, 0x00d2500a, 0x32000400, 0xd6010000, 0x0600c602, 0x13000d00, 
    0x73001900, 0x2b6400b8, 0x2f1a00b8, 0x2f0700b8, 0x101a00b8, 0xd00100b8, 0x2f0100b8, 0xdc0600b8, 0x100700b8, 0xdc0c00b8, 0x000f00ba, 0x110c0001, 
    0x00b83912, 0x00b81001, 0x00b8d010, 0x00b81006, 0x00b8d013, 0x00b81007, 0x00b8d014, 0x00b8100c, 0x00bad016, 0x00010018, 0x3912110c, 0x100c00b8, 
    0xdc1b00b8, 0x0400b800, 0x0900b82f, 0x0f00b82f, 0x1800b82f, 0x1331302f, 0x37361127, 0x35211517, 0x11171637, 0x0315010f, 0x21173735, 0x03151737, 
    0x0a144635, 0x04011e28, 0x140a281e, 0x3c14c8c8, 0x143c0401, 0x146801c8, 0x0a281801, 0x50d2d250, 0xe8fe280a, 0x0178f014, 0x3c143c04, 0xfe3c143c, 
    0x000078fc, 0x32000600, 0xd6010000, 0x0400d002, 0x11000b00, 0x1d001600, 0xbb002400, 0x2b6400b8, 0x2f2500b8, 0xd01200b8, 0x2f1200b8, 0xdc0100b8, 
    0x60000341, 0x01000100, 0x0003415d, 0x000100c0, 0x00b85d01, 0x00b8dc00, 0x00b81001, 0x0341dc05, 0x0500c000, 0x415d0100, 0x00600003, 0x5d010005, 
    0xdc0a00b8, 0x000c00ba, 0x110a0005, 0x00b83912, 0x00b81012, 0x00b8d00f, 0x00b82f0f, 0x00b81012, 0x00b8dc16, 0x00b8d010, 0x00b82f10, 0x00b8100a, 
    0x00b8d018, 0x00b81005, 0x00b8d01c, 0x00b81012, 0x00b8d01f, 0x00b81016, 0x00b8d023, 0x00b8100a, 0xb800dc26, 0xb82f0700, 0xba2f2200, 0x0c001c00, 
    0xb82b6700, 0xb8101c00, 0xbad01000, 0x0c001200, 0x12111c00, 0x25313039, 0x17373523, 0x16373537, 0x03071117, 0x37272621, 0x37110533, 0x17251517, 
    0x27070611, 0x11272535, 0x15173736, 0x28502c01, 0x281e5a28, 0xfe32140a, 0x500a28d5, 0x14c0feef, 0x1440013c, 0xfe1e280a, 0x280a14c0, 0x28e6641e, 
    0x50d26428, 0xe8fe280a, 0x0a8efe14, 0x010a1e28, 0xbe3c1404, 0xe8fe14fa, 0xd2500a28, 0x18011450, 0xd2500a28, 0x32000400, 0xd6010000, 0x0500d002, 
    0x11000b00, 0x37001700, 0x2b6400b8, 0x000b00ba, 0x2b670011, 0x100b00b8, 0xd00000b8, 0x2f0000b8, 0x101100b8, 0xd01200b8, 0x2f1200b8, 0x0400b800, 
    0x0d00b82f, 0x0700b82f, 0x1600b82f, 0x0131302f, 0x23061333, 0x32013f27, 0x0f230317, 0x13272201, 0x03233733, 0x01173336, 0x149a2d0e, 0x7701773c, 
    0x2d9a143c, 0x143c7716, 0x2d012d9a, 0x773c149a, 0xcafe5e01, 0xf2ecf228, 0x80cafe28, 0x360128f2, 0x28360114, 0x000000f3, 0x32000500, 0xd6010000, 
    0x0500d002, 0x12000c00, 0x1e001700, 0x00b88900, 0x00b82b64, 0x00b82f1f, 0x00b82f00, 0x00b8d002, 0x00b8101f, 0x00b8d010, 0x00b82f10, 0x00b8dc11, 
    0x00b8d003, 0x00b81011, 0x00b8d005, 0x00b81000, 0x00b8dc1d, 0x00b8d007, 0x00b81000, 0x00bad00b, 0x0000000d, 0x3912111d, 0x101100b8, 0xd01300b8, 
    0x101000b8, 0xd01600b8, 0x100000b8, 0xd01800b8, 0x101d00b8, 0xdc2000b8, 0x1a00b800, 0x0b00ba2f, 0x67000d00, 0x0000ba2b, 0x67000200, 0x0b00b82b, 
    0x1100b810, 0x013130d0, 0x27210717, 0x11170537, 0x35270706, 0x27262113, 0x15033337, 0x05112707, 0x17163735, 0x86010711, 0xfcfe2828, 0x40012828, 
    0x1e280a14, 0x28d4fe0a, 0xf0f0500a, 0x5401143c, 0x140a281e, 0x28289001, 0x14322828, 0x0a28e8fe, 0xdefed250, 0x021e280a, 0x143cdc3a, 0xd2fa2201, 
    0xfe280a50, 0x000014e8, 0x32000400, 0xd6010000, 0x0300d002, 0x0f000900, 0x27001500, 0x2b6400b8, 0x0300ba00, 0x67000000, 0x0900ba2b, 0x67000400, 
    0x0900b82b, 0x0b00b810, 0x0000b8d0, 0x1100b810, 0x293130d0, 0x03333701, 0x37362723, 0x32130321, 0x17230317, 0x13272203, 0xfeae0133, 0x46d228e8, 
    0x280a50c7, 0x826e0d01, 0x3c96143c, 0x143c8c0a, 0x02503ca0, 0x0a281e30, 0x2201defe, 0x50cafe28, 0x0128defe, 0x00000036, 0x32000400, 0x04010000, 
    0x0400d002, 0x10000b00, 0x43001700, 0x2b6400b8, 0x000400ba, 0x2b670000, 0x100400b8, 0xd00c00b8, 0x100000b8, 0xd00f00b8, 0x1700ba00, 0x67001200, 
    0x0a00ba2b, 0x67000500, 0x0000ba2b, 0x17001200, 0xba391211, 0x05001000, 0x12110a00, 0x37313039, 0x15173711, 0x36272313, 0x07173337, 0x11270715, 
    0x26230713, 0x32333727, 0x45463c14, 0x8b280a50, 0x143c8214, 0x288b14d2, 0x4645500a, 0x3c140401, 0x1e1c02be, 0x50140a28, 0x01143cbe, 0x148afd04, 
    0x001e280a, 0x32000200, 0xd4010000, 0x0500d002, 0x0f000b00, 0x2b6400b8, 0x0400b800, 0x0a00b82f, 0x0131302f, 0x23061333, 0x0323012f, 0x01173336, 
    0x149a2d0d, 0x2d14773c, 0x773c149a, 0xcafe5e01, 0x0180f228, 0x00f32836, 0x32000400, 0x04010000, 0x0600d002, 0x12000b00, 0x4b001700, 0x2b6400b8, 
    0x000200ba, 0x2b670005, 0x000b00ba, 0x11020005, 0x00b83912, 0x00b81005, 0x00b8d00c, 0x00b81002, 0x00bad010, 0x00050013, 0x39121102, 0x100200b8, 
    0xdc1900b8, 0x0a00b800, 0x0e00b82f, 0x0400b82f, 0x1300b82f, 0x1331302f, 0x07061117, 0x23033527, 0x03333727, 0x17163735, 0x23030711, 0xf0333727, 
    0x1e280a14, 0x143c3214, 0x281e0a78, 0x7832140a, 0x01323c14, 0xe8fe145e, 0xd2500a28, 0x143c5e01, 0x50d2defe, 0xe8fe280a, 0x148efe14, 0x0000003c, 
    0x32000200, 0xd501c201, 0x0400d002, 0x17000900, 0x2b6400b8, 0x0400b800, 0x0500b82f, 0x0100b82f, 0x0800b82f, 0x0131302f, 0x07151735, 0x37352721, 
    0xc80d0107, 0x27abfe27, 0x620201c8, 0x1e28c86e, 0x6ec8281e, 0x32000100, 0xd5010000, 0x07005000, 0x00b80f00, 0xba002b64, 0x03000000, 0x302b6700, 
    0x06172531, 0x27262107, 0x50850137, 0xc1fe280a, 0x50500a28, 0x0a0a281e, 0x00001e28, 0x32000100, 0xe6003002, 0x0500e402, 0x00b80f00, 0xb8002b64, 
    0xb82f0200, 0x302f0400, 0x07151331, 0xe6333727, 0x280a8c28, 0x0a286202, 0x0000288c, 0x32000600, 0xd6010000, 0x0500d002, 0x12000c00, 0x1e001700, 
    0xaf002500, 0x2b6400b8, 0x2f2600b8, 0x2f0000b8, 0xd00200b8, 0x102600b8, 0xd01600b8, 0x2f1600b8, 0xdc0500b8, 0xd00300b8, 0x100000b8, 0xdc1d00b8, 
    0xd00700b8, 0x100000b8, 0xd00b00b8, 0x100500b8, 0xd00e00b8, 0x2f0e00b8, 0x101600b8, 0xd00f00b8, 0x2f0f00b8, 0x001200ba, 0x111d0000, 0x00b83912, 
    0x00b81005, 0x00b8d013, 0x00b81000, 0x00b8d018, 0x00b81005, 0x00b8d01f, 0x00b81016, 0x00b8d023, 0x00b8101d, 0xb800dc27, 0xb82f0a00, 0xba2f2100, 
    0x19001200, 0xba2b6700, 0x02000000, 0xb82b6700, 0xb8101900, 0xbad00e00, 0x19001700, 0x12111200, 0x01313039, 0x27210717, 0x11170537, 0x35270706, 
    0x36272303, 0x15052137, 0x05112707, 0x17163735, 0x15050711, 0x11272607, 0x28860137, 0x28fcfe28, 0x14400128, 0x141e280a, 0x280a50ef, 0xf2fe2b01, 
    0x5401143c, 0x140a281e, 0x281ec0fe, 0x9001140a, 0x28282828, 0xe8fe1432, 0xd2500a28, 0x281e5e01, 0x3cbe640a, 0xdc040114, 0x280a50d2, 0x5014e8fe, 
    0x280a50d2, 0x00141801, 0x32000700, 0xd6010000, 0x0500d002, 0x10000a00, 0x1b001500, 0x27002100, 0x00b8af00, 0x00b82b64, 0x00b82f28, 0x00b82f00, 
    0x00b8d002, 0x00b81028, 0x00b8d006, 0x00b82f06, 0x00b8dc26, 0x00b8d003, 0x00b81026, 0x00b8d005, 0x00b81026, 0x00b8d009, 0x00b81026, 0x00b8d00c, 
    0x00b81006, 0x00b8d00d, 0x00b81026, 0x00b8d011, 0x00b81006, 0x00b8d014, 0x00b81000, 0x00b8d016, 0x00b81000, 0x00b8dc1a, 0x00b8d01d, 0x00b81000, 
    0x00b8d020, 0x00b81006, 0x00b8d024, 0x00b8101a, 0xba00dc29, 0x23002700, 0xba2b6700, 0x0b000f00, 0xba2b6700, 0x02000000, 0xba2b6700, 0x23000600, 
    0x12112700, 0x1500ba39, 0x0f000b00, 0x30391211, 0x07170131, 0x03372721, 0x15173711, 0x35272313, 0x15051721, 0x05112707, 0x15173735, 0x15171507, 
    0x17352707, 0x37352107, 0x28860133, 0x28fcfe28, 0x3c145028, 0x0150f0f0, 0xe8fe2840, 0x5401143c, 0x1414321e, 0x28131e32, 0xef50c1fe, 0x28289001, 
    0xb6fe2828, 0x3c140401, 0x1e1c02be, 0xbe3c2832, 0x0401143c, 0x321ed2dc, 0x141414e6, 0xd21e32e6, 0x1e3228fa, 0x32000400, 0xae010000, 0x0500d002, 
    0x10000a00, 0x4b001500, 0x2b6400b8, 0x000400ba, 0x2b670006, 0x100400b8, 0xd00900b8, 0x100400b8, 0xd01100b8, 0x100600b8, 0xd01400b8, 0x0500ba00, 
    0x67000000, 0x1000ba2b, 0x67000b00, 0x0600ba2b, 0x05000000, 0xba391211, 0x0b001500, 0x12111000, 0x29313039, 0x37272601, 0x37110521, 0x21011517, 
    0x21373627, 0x27071505, 0xfeae0111, 0x500a28b6, 0xa2fe0e01, 0x0e013c14, 0x0a50f3fe, 0xfe490128, 0x0a143cd4, 0x010a1e28, 0xbe3c1404, 0x281e1c02, 
    0x3cbe640a, 0x00040114, 0x32000600, 0xd6010000, 0x0400d002, 0x0f000a00, 0x1b001500, 0x8b002100, 0x2b6400b8, 0x2f2200b8, 0x2f1000b8, 0x102200b8, 
    0xd00000b8, 0x2f0000b8, 0xdc2000b8, 0xd00300b8, 0x102000b8, 0xd00600b8, 0x100000b8, 0xd00700b8, 0x102000b8, 0xd00b00b8, 0x100000b8, 0xd00e00b8, 
    0x101000b8, 0xdc1400b8, 0xd01700b8, 0x101000b8, 0xd01a00b8, 0x100000b8, 0xd01e00b8, 0x101400b8, 0xdc2300b8, 0x2100ba00, 0x67001d00, 0x0900ba2b, 
    0x67000500, 0x0000ba2b, 0x21001d00, 0xba391211, 0x05000f00, 0x12110900, 0x37313039, 0x15173711, 0x35272313, 0x15051721, 0x05112707, 0x15173735, 
    0x15171507, 0x17352707, 0x37352107, 0x3c143233, 0x0150f0f0, 0xe8fe2840, 0x5401143c, 0x1414321e, 0x28131e32, 0xef50c1fe, 0x14040146, 0x1c02be3c, 
    0x3c28321e, 0x01143cbe, 0x1ed2dc04, 0x1414e632, 0x1e32e614, 0x3228fad2, 0x0000001e, 0x32000500, 0xae010000, 0x0500d002, 0x10000b00, 0x1b001600, 
    0x00b85300, 0x00ba2b64, 0x000c000a, 0x00b82b67, 0x00b8100a, 0x00b8d00f, 0x00b8100a, 0x00b8d017, 0x00b8100c, 0xba00d01a, 0x06000b00, 0xba2b6700, 
    0x11001600, 0xba2b6700, 0x02000000, 0xba2b6700, 0x06000c00, 0x12110b00, 0x1b00ba39, 0x16001100, 0x30391211, 0x07170131, 0x01372721, 0x37272621, 
    0x37110521, 0x21011517, 0x21373627, 0x27071505, 0x28860111, 0x28fcfe28, 0xfe2c0128, 0x500a28b6, 0xa2fe0e01, 0x0e013c14, 0x0a50f3fe, 0xfe490128, 
    0x01143cd4, 0x28282890, 0x0a70fe28, 0x010a1e28, 0xbe3c1404, 0x281e1c02, 0x3cbe640a, 0x00040114, 0x32000400, 0xae010000, 0x0500d002, 0x10000b00, 
    0x45001700, 0x2b6400b8, 0x000500ba, 0x2b67000f, 0x100500b8, 0xd00c00b8, 0x100500b8, 0xd01100b8, 0x100f00b8, 0xd01500b8, 0x1300b800, 0x0b00ba2f, 
    0x67000600, 0x0000ba2b, 0x67000200, 0x1000ba2b, 0x0b000600, 0x30391211, 0x07170131, 0x25372721, 0x37362721, 0x07150521, 0x15131127, 0x11272607, 
    0x28860137, 0x28fcfe28, 0xfe0e0128, 0x280a50f3, 0xd4fe4901, 0x1e50143c, 0x01140a28, 0x28282890, 0x281ef028, 0x3cbe640a, 0xfe040114, 0x0a50d298, 
    0x14180128, 0x32000600, 0xd6010000, 0x0500d002, 0x12000c00, 0x1d001700, 0xaf002200, 0x2b6400b8, 0x2f2300b8, 0x2f0200b8, 0xd00000b8, 0x100200b8, 
    0xdc0700b8, 0x100200b8, 0xd00b00b8, 0x000d00ba, 0x11070002, 0x00b83912, 0x00b81023, 0x00b8d013, 0x00b82f13, 0x00b8dc11, 0x00b8d016, 0x00b81011, 
    0x00b8d019, 0x00b82f19, 0x00b81013, 0x00b8d01a, 0x00ba2f1a, 0x0002001d, 0x39121107, 0x101100b8, 0xd01e00b8, 0x101300b8, 0xd02100b8, 0x100700b8, 
    0xdc2400b8, 0x0b00ba00, 0x67000d00, 0x1d00ba2b, 0x67001800, 0x0000ba2b, 0x67000200, 0x0b00b82b, 0x1100b810, 0x1300bad0, 0x0b000d00, 0xba391211, 
    0x18002200, 0x12111d00, 0x01313039, 0x27230717, 0x11011f37, 0x35270706, 0x27262113, 0x11053337, 0x01151737, 0x37362721, 0x07150521, 0x86011127, 
    0x285a2828, 0x0a149628, 0xfe0a1e28, 0x500a28d4, 0x14c0fef0, 0xfe0e013c, 0x280a50f3, 0xd4fe4901, 0x9001143c, 0x28282828, 0xe8fe1432, 0xd2500a28, 
    0x280adefe, 0x04010a1e, 0x02be3c14, 0x0a281e1c, 0x143cbe64, 0x00000401, 0x32000500, 0xd6010000, 0x0500d002, 0x13000c00, 0x21001a00, 0x00b87700, 
    0x00b82b64, 0x00b82f22, 0x00b82f00, 0x00b8d002, 0x00b81022, 0x00b8d018, 0x00b82f18, 0x00b8dc15, 0x00b8d003, 0x00b81015, 0x00b8d005, 0x00b81000, 
    0x00b8dc12, 0x00b8d007, 0x00b81000, 0x00b8d00b, 0x00b81000, 0x00b8d00d, 0x00b81018, 0x00b8d01c, 0x00b81015, 0x00b8d020, 0x00b81012, 0xb800dc23, 
    0xb82f0a00, 0xb82f1600, 0xba2f0f00, 0x02000000, 0x302b6700, 0x07170131, 0x05372721, 0x07061117, 0x37023d27, 0x07111716, 0x26071505, 0x35371127, 
    0x37361127, 0x86011517, 0xfcfe2828, 0x40012828, 0x1e280a14, 0x140a281e, 0x281ec0fe, 0x0a14140a, 0x90011e28, 0x28282828, 0xe8fe1432, 0xd2500a28, 
    0x0a50d28c, 0x14e8fe28, 0x0a50d250, 0x14180128, 0x1801140a, 0xd2500a28, 0x32000200, 0x82000a00, 0x0600d002, 0x27000d00, 0x2b7800b8, 0x000500ba, 
    0x2b7b0000, 0x100500b8, 0xd00800b8, 0x100000b8, 0xd00c00b8, 0x0200b800, 0x0b00b82f, 0x1331302f, 0x17163735, 0x17150711, 0x27070611, 0x281e3235, 
    0x0a14140a, 0xae011e28, 0x280a50d2, 0x0a14e8fe, 0x28e8fe14, 0x00d2500a, 0x32000400, 0xd6010000, 0x0600d002, 0x11000c00, 0x67001800, 0x2b6400b8, 
    0x2f1900b8, 0x2f0500b8, 0xdc0200b8, 0x000700ba, 0x11020005, 0x00b83912, 0x00b81019, 0x00b8d00d, 0x00b82f0d, 0x00b8dc0b, 0x00b8d010, 0x00b81005, 
    0x00b8d012, 0x00b81002, 0x00b8d016, 0x00b81002, 0xb800dc1a, 0xba2f1400, 0x07000500, 0xb82b6700, 0xb8100500, 0xbad00b00, 0x07000d00, 0x12110500, 
    0x01313039, 0x07061117, 0x21133527, 0x33372726, 0x17371105, 0x37350115, 0x07111716, 0x0a14c201, 0xfe0a1e28, 0x500a28d4, 0x14c0fef0, 0x1e04013c, 
    0x01140a28, 0xe8fe145e, 0xd2500a28, 0x280adefe, 0x04010a1e, 0x01be3c14, 0x0a50d24a, 0x14e8fe28, 0x32000500, 0xd6010000, 0x0500d002, 0x12000c00, 
    0x20001900, 0x00b87f00, 0x00b82b64, 0x00b82f21, 0x00b82f02, 0x00b8d000, 0x00b81021, 0x00b8d017, 0x00b82f17, 0x00b8dc14, 0x00b8d003, 0x00b81014, 
    0x00b8d005, 0x00b81002, 0x00b8dc07, 0x00b81002, 0x00b8d00b, 0x00b81002, 0x00b8d00e, 0x00b81007, 0x00b8d010, 0x00b81017, 0x00b8d01b, 0x00b81014, 
    0x00b8d01f, 0x00b81007, 0xb800dc22, 0xb82f0e00, 0xb82f1e00, 0xb82f0a00, 0xba2f1500, 0x02000000, 0x302b6700, 0x07170131, 0x05372721, 0x07061117, 
    0x37273527, 0x23011732, 0x26071507, 0x35371127, 0x37361127, 0x86011517, 0xfcfe2828, 0x40012828, 0x1e280a14, 0x143cf0f0, 0x143cfcfe, 0x140a281e, 
    0x1e280a14, 0x28289001, 0x14322828, 0x0a28e8fe, 0xf0bed250, 0x82fcfe28, 0x280a50d2, 0x14141801, 0x28180114, 0x00d2500a, 0x32000300, 0xd6010000, 
    0x0600d002, 0x13000c00, 0x00b83d00, 0x00ba2b64, 0x00040001, 0x00ba2b67, 0x0004000c, 0x39121101, 0x100400b8, 0xd00e00b8, 0x100100b8, 0xd01200b8, 
    0x1100b800, 0x0100ba2f, 0x67000c00, 0x0100b82b, 0x0800b810, 0x133130d0, 0x27260715, 0x33133711, 0x21070617, 0x36112703, 0x82151737, 0x140a281e, 
    0x0a50f050, 0x32d4fe28, 0x1e280a14, 0x50d22201, 0x1801280a, 0x1ef2fe14, 0x72010a28, 0x28180114, 0x00d2500a, 0x32000600, 0xd6010000, 0x0400d002, 
    0x11000b00, 0x1d001600, 0xbb002400, 0x2b6400b8, 0x2f2500b8, 0xd01500b8, 0x2f1500b8, 0xdc0200b8, 0x60000341, 0x01000200, 0x0003415d, 0x000200c0, 
    0x00b85d01, 0x00b8dc00, 0x00b81002, 0x0341dc0a, 0x0a00c000, 0x415d0100, 0x00600003, 0x5d01000a, 0xdc0700b8, 0x101500b8, 0xdc1300b8, 0xd00d00b8, 
    0x2f0d00b8, 0x101500b8, 0xd00e00b8, 0x2f0e00b8, 0x001100ba, 0x1107000a, 0x00b83912, 0x00b8100a, 0x00b8d017, 0x00b81007, 0x00b8d01b, 0x00b81013, 
    0x00b8d01e, 0x00b81015, 0x00b8d022, 0x00b81007, 0xb800dc26, 0xb82f0900, 0xba2f2000, 0x18001100, 0xb82b6700, 0xb8101800, 0xbad00d00, 0x18001600, 
    0x12111100, 0x01313039, 0x33352707, 0x06111713, 0x03352707, 0x37362723, 0x07150521, 0x35051127, 0x11171637, 0x07150507, 0x37112726, 0x28282c01, 
    0x0a149650, 0xef141e28, 0x01280a50, 0x3cf2fe2b, 0x1e540114, 0xfe140a28, 0x0a281ec0, 0x28860114, 0xf2fee628, 0x28e8fe14, 0x01d2500a, 0x0a281e5e, 
    0x143cbe64, 0xd2dc0401, 0xfe280a50, 0xd25014e8, 0x01280a50, 0x00001418, 0x32000500, 0xd6010000, 0x0600c602, 0x13000c00, 0x21001a00, 0x00b85f00, 
    0x00b82b64, 0x00b82f22, 0x00b82f12, 0x00b81022, 0x00b8d004, 0x00b82f04, 0x00b8dc01, 0x00b81012, 0x00b8dc0f, 0x00b81012, 0x00b8d014, 0x00b8100f, 
    0x00b8d018, 0x00b81004, 0x00b8d01c, 0x00b81001, 0x00b8d020, 0x00b8100f, 0xb800dc23, 0xb82f0200, 0xb82f1100, 0xb82f1600, 0x302f1f00, 0x07151331, 
    0x37112726, 0x35272325, 0x11021f33, 0x3d270706, 0x17163702, 0x27210711, 0x17373611, 0x281e8215, 0x2c01140a, 0xa03c9646, 0x280a1450, 0x0a281e1e, 
    0x1484fe14, 0x011e280a, 0x0a50d222, 0x14180128, 0xa03c9646, 0xe8fe1478, 0xd2500a28, 0x0a50d282, 0x14e8fe28, 0x28180114, 0x00d2500a, 0x32000600, 
    0xd6010000, 0x0500d002, 0x11000b00, 0x1d001700, 0x53002300, 0x2b6400b8, 0x2f2400b8, 0x2f0600b8, 0xdc0a00b8, 0xd00d00b8, 0x100600b8, 0xd01000b8, 
    0x102400b8, 0xd01300b8, 0x2f1300b8, 0xdc1700b8, 0xd01e00b8, 0x101300b8, 0xd02100b8, 0x100a00b8, 0xdc2500b8, 0x1d00ba00, 0x67001900, 0x0400ba2b, 
    0x67000000, 0x0131302b, 0x33372723, 0x37350717, 0x15071517, 0x27071517, 0x35272535, 0x01151737, 0x37272307, 0x07152733, 0x01373527, 0x2828dc72, 
    0x1e1428dc, 0x32141432, 0x14c0fe1e, 0x18011e32, 0x2828dc28, 0x321ef0dc, 0x28800214, 0xd2fa2828, 0x14e6321e, 0x32e61414, 0x1450d21e, 0xd21e32e6, 
    0x28287afe, 0x1ed2d228, 0x0014e632, 0x32000500, 0xd6010000, 0x0500d002, 0x10000b00, 0x1d001600, 0x00b88500, 0x00b82b64, 0x00b82f1e, 0x00b82f00, 
    0x00b8d002, 0x00b8101e, 0x00b8d010, 0x00b82f10, 0x00b8dc07, 0x00b8d003, 0x00b81007, 0x00b8d005, 0x00b81010, 0x00b8d009, 0x00b81007, 0x00b8d00d, 
    0x00b81000, 0x00b8d011, 0x00b81000, 0x00b8dc15, 0x00b81007, 0x00b8d017, 0x00b81010, 0x00b8d01b, 0x00b81015, 0xb800dc1f, 0xba2f1900, 0x06000a00, 
    0xba2b6700, 0x02000000, 0xba2b6700, 0x06001000, 0x12110a00, 0x01313039, 0x27210717, 0x2723013f, 0x05172135, 0x11270715, 0x17373505, 0x15050715, 
    0x11272607, 0x28860137, 0x28fcfe28, 0x50f0f028, 0xfe284001, 0x01143ce8, 0x14321e54, 0x281ec0fe, 0x9001140a, 0x28282828, 0x28321ef0, 0x143cbe3c, 
    0xd2dc0401, 0x14e6321e, 0x0a50d250, 0x14180128, 0x32000700, 0xe001f6ff, 0x0400d002, 0x0f000a00, 0x1a001500, 0x27002100, 0x00b8ab00, 0x00b82b64, 
    0x00b82f28, 0x00b82f03, 0x00b8dc02, 0x00b81028, 0x00b8d00b, 0x00ba2f0b, 0x000b0005, 0x39121102, 0xdc0900b8, 0xd00e00b8, 0x100900b8, 0xd01100b8, 
    0x2f1100b8, 0x100b00b8, 0xd01200b8, 0x2f1200b8, 0x001500ba, 0x11020003, 0x00b83912, 0x00b81009, 0x00b8d016, 0x00b8100b, 0x00b8d019, 0x00b81003, 
    0x00b8d01b, 0x00b81002, 0x00b8d01f, 0x00b81002, 0xb800dc29, 0xba2f2500, 0x05000a00, 0xba2b6700, 0x1c001500, 0xba2b6700, 0x05000b00, 0x12110a00, 
    0x1c00b839, 0x1100b810, 0x1a00bad0, 0x15001c00, 0x30391211, 0x15170131, 0x21033527, 0x33372726, 0x17371107, 0x27231315, 0x05213736, 0x11270715, 
    0x16373505, 0x010f1117, 0x23151733, 0x14c20127, 0xe8fe0a50, 0xaa500a28, 0xf03c14fa, 0x280a50ef, 0xf2fe2b01, 0x5401143c, 0x140a281e, 0x3c823ca0, 
    0x145e0182, 0xfe7850f0, 0x1e280ade, 0x1404010a, 0x1c02be3c, 0x640a281e, 0x01143cbe, 0x50d2dc04, 0xe8fe280a, 0x3c82be14, 0x00000082, 0x32000600, 
    0xd6010000, 0x0500d002, 0x12000b00, 0x1f001800, 0xaf002400, 0x2b6400b8, 0x2f2500b8, 0x2f0000b8, 0xd00200b8, 0x102500b8, 0xd01000b8, 0x2f1000b8, 
    0xdc0d00b8, 0xd00300b8, 0x100d00b8, 0xd00500b8, 0x100000b8, 0xdc1e00b8, 0xd00800b8, 0x100000b8, 0xd00a00b8, 0x100d00b8, 0xd01400b8, 0x2f1400b8, 
    0x101000b8, 0xd01500b8, 0x2f1500b8, 0x001800ba, 0x111e0000, 0x00b83912, 0x00b81000, 0x00b8d019, 0x00b8100d, 0x00b8d020, 0x00b81010, 0x00b8d023, 
    0x00b8101e, 0xb800dc26, 0xb82f0a00, 0xba2f0e00, 0x1a001800, 0xba2b6700, 0x02000000, 0xb82b6700, 0xb8101a00, 0xbad01400, 0x1a002400, 0x12111800, 
    0x01313039, 0x27210717, 0x01331737, 0x012f2306, 0x27260715, 0x23013711, 0x21373627, 0x16373503, 0x25071117, 0x11270715, 0x28288601, 0x2828fcfe, 
    0x04013c14, 0x14f03c14, 0x140a281e, 0x50ef2c01, 0x2b01280a, 0x0a281e0a, 0x3cc0fe14, 0x28900114, 0x64282828, 0xf028fcfe, 0x0a50d232, 0x14180128, 
    0x281e2201, 0xd2defe0a, 0xfe280a50, 0xbefa14e8, 0x0401143c, 0x32000500, 0xd6010000, 0x0500d002, 0x12000c00, 0x1f001700, 0x00b8b300, 0x00b82b64, 
    0x00b82f20, 0x00b82f02, 0x00b8d000, 0x00b81020, 0x00b8d010, 0x00b82f10, 0x00b8dc11, 0x00b8d003, 0x00b81011, 0x00b8d005, 0x00b81002, 0x00b8dc07, 
    0x00b81002, 0x00bad00b, 0x0002000d, 0x39121107, 0x101100b8, 0xd01300b8, 0x101000b8, 0xd01600b8, 0x101100b8, 0xd01800b8, 0x2f1800b8, 0x101000b8, 
    0xd01900b8, 0x2f1900b8, 0x100700b8, 0xd01e00b8, 0x100200b8, 0xd01f00b8, 0x100700b8, 0xdc2100b8, 0x0b00ba00, 0x67000d00, 0x1b00ba2b, 0x67001800, 
    0x0000ba2b, 0x67000200, 0x0b00b82b, 0x1100b810, 0x1700bad0, 0x1b001800, 0x30391211, 0x07170131, 0x05372721, 0x07061117, 0x21133527, 0x33372726, 
    0x27071503, 0x36271711, 0x17162137, 0x28860107, 0x28fcfe28, 0x14400128, 0x0a1e280a, 0x0a28d4fe, 0x3cf0f050, 0x0a505114, 0x283f0128, 0x9001500a, 
    0x28282828, 0xe8fe1432, 0xd2500a28, 0x280adefe, 0xbe1c021e, 0x0401143c, 0x0a281e0a, 0x001e280a, 0x32000300, 0xd5010000, 0x0600d002, 0x13000b00, 
    0x00b82b00, 0x00ba2b64, 0x00050002, 0x00b82b67, 0x00b81005, 0x00b8d007, 0x00b81002, 0xb800d009, 0xba2f0400, 0x0c000f00, 0x302b6700, 0x11170131, 
    0x3d270706, 0x07153302, 0x37362703, 0x07171621, 0x0a280301, 0x28501e28, 0x280a5081, 0x0a283f01, 0x285e0150, 0x0a28fcfe, 0xd264e650, 0x0e0128d2, 
    0x0a0a281e, 0x00001e28, 0x32000500, 0xd6010000, 0x0600d002, 0x11000c00, 0x1f001800, 0x00b87700, 0x00b82b64, 0x00b82f20, 0x00b82f05, 0x00badc02, 
    0x00050007, 0x39121102, 0x102000b8, 0xd00d00b8, 0x2f0d00b8, 0xdc0b00b8, 0xd01000b8, 0x100500b8, 0xd01200b8, 0x100200b8, 0xd01600b8, 0x100d00b8, 
    0xd01a00b8, 0x100b00b8, 0xd01e00b8, 0x100200b8, 0xdc2100b8, 0x1400b800, 0x0500ba2f, 0x67000700, 0x0500b82b, 0x0b00b810, 0x0d00bad0, 0x05000700, 
    0x30391211, 0x11170131, 0x35270706, 0x27262113, 0x11053337, 0x01151737, 0x17163735, 0x27050711, 0x17373611, 0x14c20115, 0x0a1e280a, 0x0a28d4fe, 
    0xc0fef050, 0x04013c14, 0x140a281e, 0x0a1484fe, 0x5e011e28, 0x28e8fe14, 0xfed2500a, 0x1e280ade, 0x1404010a, 0x4a01be3c, 0x280a50d2, 0x0a14e8fe, 
    0x28180114, 0x00d2500a, 0x32000400, 0xd6010000, 0x0600c602, 0x13000d00, 0x73001900, 0x2b6400b8, 0x2f1a00b8, 0x2f0700b8, 0x101a00b8, 0xd00100b8, 
    0x2f0100b8, 0xdc0600b8, 0x100700b8, 0xdc0c00b8, 0x000f00ba, 0x110c0001, 0x00b83912, 0x00b81001, 0x00b8d010, 0x00b81006, 0x00b8d013, 0x00b81007, 
    0x00b8d014, 0x00b8100c, 0x00bad016, 0x00010018, 0x3912110c, 0x100c00b8, 0xdc1b00b8, 0x0400b800, 0x0900b82f, 0x0f00b82f, 0x1800b82f, 0x1331302f, 
    0x37361127, 0x35211517, 0x11171637, 0x0315010f, 0x21173735, 0x03151737, 0x0a144635, 0x04011e28, 0x140a281e, 0x3c14c8c8, 0x143c0401, 0x146801c8, 
    0x0a281801, 0x50d2d250, 0xe8fe280a, 0x0178f014, 0x3c143c04, 0xfe3c143c, 0x000078fc, 0x32000600, 0xd6010000, 0x0400d002, 0x11000b00, 0x1d001600, 
    0xbb002400, 0x2b6400b8, 0x2f2500b8, 0xd01200b8, 0x2f1200b8, 0xdc0100b8, 0x60000341, 0x01000100, 0x0003415d, 0x000100c0, 0x00b85d01, 0x00b8dc00, 
    0x00b81001, 0x0341dc05, 0x0500c000, 0x415d0100, 0x00600003, 0x5d010005, 0xdc0a00b8, 0x000c00ba, 0x110a0005, 0x00b83912, 0x00b81012, 0x00b8d00f, 
    0x00b82f0f, 0x00b81012, 0x00b8dc16, 0x00b8d010, 0x00b82f10, 0x00b8100a, 0x00b8d018, 0x00b81005, 0x00b8d01c, 0x00b81012, 0x00b8d01f, 0x00b81016, 
    0x00b8d023, 0x00b8100a, 0xb800dc26, 0xb82f0700, 0xba2f2200, 0x0c001c00, 0xb82b6700, 0xb8101c00, 0xbad01000, 0x0c001200, 0x12111c00, 0x25313039, 
    0x17373523, 0x16373537, 0x03071117, 0x37272621, 0x37110533, 0x17251517, 0x27070611, 0x11272535, 0x15173736, 0x28502c01, 0x281e5a28, 0xfe32140a, 
    0x500a28d5, 0x14c0feef, 0x1440013c, 0xfe1e280a, 0x280a14c0, 0x28e6641e, 0x50d26428, 0xe8fe280a, 0x0a8efe14, 0x010a1e28, 0xbe3c1404, 0xe8fe14fa, 
    0xd2500a28, 0x18011450, 0xd2500a28, 0x32000400, 0xd6010000, 0x0500d002, 0x11000b00, 0x37001700, 0x2b6400b8, 0x000b00ba, 0x2b670011, 0x100b00b8, 
    0xd00000b8, 0x2f0000b8, 0x101100b8, 0xd01200b8, 0x2f1200b8, 0x0400b800, 0x0d00b82f, 0x0700b82f, 0x1600b82f, 0x0131302f, 0x23061333, 0x32013f27, 
    0x0f230317, 0x13272201, 0x03233733, 0x01173336, 0x149a2d0e, 0x7701773c, 0x2d9a143c, 0x143c7716, 0x2d012d9a, 0x773c149a, 0xcafe5e01, 0xf2ecf228, 
    0x80cafe28, 0x360128f2, 0x28360114, 0x000000f3, 0x32000500, 0xd6010000, 0x0500d002, 0x12000c00, 0x1e001700, 0x00b88900, 0x00b82b64, 0x00b82f1f, 
    0x00b82f00, 0x00b8d002, 0x00b8101f, 0x00b8d010, 0x00b82f10, 0x00b8dc11, 0x00b8d003, 0x00b81011, 0x00b8d005, 0x00b81000, 0x00b8dc1d, 0x00b8d007, 
    0x00b81000, 0x00bad00b, 0x0000000d, 0x3912111d, 0x101100b8, 0xd01300b8, 0x101000b8, 0xd01600b8, 0x100000b8, 0xd01800b8, 0x101d00b8, 0xdc2000b8, 
    0x1a00b800, 0x0b00ba2f, 0x67000d00, 0x0000ba2b, 0x67000200, 0x0b00b82b, 0x1100b810, 0x013130d0, 0x27210717, 0x11170537, 0x35270706, 0x27262113, 
    0x15033337, 0x05112707, 0x17163735, 0x86010711, 0xfcfe2828, 0x40012828, 0x1e280a14, 0x28d4fe0a, 0xf0f0500a, 0x5401143c, 0x140a281e, 0x28289001, 
    0x14322828, 0x0a28e8fe, 0xdefed250, 0x021e280a, 0x143cdc3a, 0xd2fa2201, 0xfe280a50, 0x000014e8, 0x32000400, 0xd6010000, 0x0300d002, 0x0f000900, 
    0x27001500, 0x2b6400b8, 0x0300ba00, 0x67000000, 0x0900ba2b, 0x67000400, 0x0900b82b, 0x0b00b810, 0x0000b8d0, 0x1100b810, 0x293130d0, 0x03333701, 
    0x37362723, 0x32130321, 0x17230317, 0x13272203, 0xfeae0133, 0x46d228e8, 0x280a50c7, 0x826e0d01, 0x3c96143c, 0x143c8c0a, 0x02503ca0, 0x0a281e30, 
    0x2201defe, 0x50cafe28, 0x0128defe, 0x00000036, 0x32000500, 0x7c010000, 0x0400d002, 0x10000b00, 0x1d001700, 0x00b84b00, 0x00ba2b64, 0x00000004, 
    0x00b82b67, 0x00b81004, 0x00b8d00c, 0x00b81000, 0xba00d00f, 0x12001700, 0xba2b6700, 0x05000a00, 0xba2b6700, 0x1a001800, 0xba2b6700, 0x12000000, 
    0x12111700, 0x1000ba39, 0x0a000500, 0x30391211, 0x37353731, 0x23131517, 0x33373627, 0x07150717, 0x07133527, 0x37272623, 0x07170333, 0xaa372723, 
    0x4546143c, 0x8b280a50, 0x3c148214, 0x288b14d2, 0xa045500a, 0x28462828, 0x3cdc4628, 0x1c02e614, 0x140a281e, 0x3c14e650, 0x148afddc, 0x011e280a, 
    0x28282840, 0x00000028, 0x32000100, 0x82000000, 0x0700d002, 0x00b81700, 0x00ba2b64, 0x00030000, 0xb8002b67, 0xb82f0200, 0x302f0500, 0x07063731, 
    0x16371127, 0x280a8217, 0x0a281e1e, 0x500a2832, 0x0a503002, 0x00000028, 0x32000500, 0x7c010000, 0x0400d002, 0x10000b00, 0x1d001700, 0x00b84b00, 
    0x00ba2b64, 0x00000004, 0x00b82b67, 0x00b81004, 0x00b8d00c, 0x00b81000, 0xba00d00f, 0x15001200, 0xba2b6700, 0x0a000700, 0xba2b6700, 0x1a001800, 
    0xba2b6700, 0x15000400, 0x12111200, 0x0c00ba39, 0x07000a00, 0x30391211, 0x37353731, 0x37031517, 0x07171633, 0x07153723, 0x33033527, 0x23070617, 
    0x07170127, 0xb4372723, 0x14d23c14, 0x500a288b, 0x143c9645, 0x0a504546, 0x01148b28, 0x46282822, 0xe6642828, 0x02dc3c14, 0x280a1476, 0x3cdc0a1e, 
    0xe4fde614, 0x140a281e, 0x28287c01, 0x00002828, 0x32000500, 0xea014a01, 0x05001c02, 0x11000b00, 0x1d001700, 0x00b83f00, 0xb8002b64, 0xb82f1a00, 
    0xba2f1200, 0x02000000, 0xb82b6700, 0xb8100000, 0xb8d00600, 0xb82f0600, 0xb8100200, 0xb8d00800, 0xb82f0800, 0xb8100000, 0xb8d00c00, 0xb8100200, 
    0x30d00e00, 0x07170131, 0x07372723, 0x27230717, 0x07172537, 0x27372723, 0x27230717, 0x07011f37, 0x01372723, 0x28282822, 0x28782828, 0x28282828, 
    0x28286801, 0xc8282828, 0x28282828, 0x2828c828, 0x01282828, 0x282828e0, 0x28280128, 0x28012828, 0x3c282828, 0x28282828, 0x28282882, 0x00000028, 
    0x32000e00, 0x1c02ffff, 0x0500d002, 0x11000b00, 0x1d001700, 0x29002300, 0x35002f00, 0x41003b00, 0x4d004700, 0x29015300, 0x2b6400b8, 0x001c00ba, 
    0x2b670008, 0x002c00ba, 0x2b670028, 0x000b00ba, 0x111c0008, 0x00b83912, 0x00b81008, 0x00bad010, 0x00080017, 0x3912111c, 0x002300ba, 0x112c0028, 
    0x00ba3912, 0x0028002f, 0x3912112c, 0x102c00b8, 0xd03400b8, 0x004a00ba, 0x111c0008, 0x00b83912, 0x00b82f4a, 0x00badc3a, 0x00080041, 0x3912111c, 
    0x104a00b8, 0xd04600b8, 0x004700ba, 0x111c0008, 0x00ba3912, 0x004a004d, 0x3912113a, 0x102c00b8, 0xdc5500b8, 0x0a00b800, 0x1a00b82f, 0x2600b82f, 
    0x2e00b82f, 0x4000b82f, 0x4400b82f, 0x4000b82f, 0x3800b810, 0x0100b8dc, 0x1100bad0, 0x0a004000, 0xba391211, 0x40001700, 0x12110a00, 0x1d00ba39, 
    0x0a004000, 0xb8391211, 0xb8103800, 0xbad02200, 0x40002300, 0x12110a00, 0x2900ba39, 0x38004000, 0xb8391211, 0xb8104000, 0xb8d02f00, 0xba2f2f00, 
    0x40003500, 0x12113800, 0x3b00ba39, 0x38004000, 0xba391211, 0x40004700, 0x12113800, 0x3800b839, 0x4c00b810, 0x4d00bad0, 0x0a004000, 0x30391211, 
    0x06070131, 0x2733013f, 0x37362723, 0x07150733, 0x17352726, 0x07061733, 0x37353723, 0x13151716, 0x37362723, 0x07150733, 0x17352726, 0x07061733, 
    0x37353723, 0x25151716, 0x17163735, 0x17332715, 0x37230706, 0x27260715, 0x27231735, 0x13333736, 0x010f3637, 0xa0170127, 0x1ebd013c, 0x0a500a8b, 
    0x1e284628, 0x0a640a28, 0x46280a50, 0x0a281e28, 0x0a500ac8, 0x1e274628, 0x0a630a28, 0x46280a50, 0x0a281e28, 0x281ecafe, 0x500a5a0a, 0x0a46280a, 
    0x5a0a281e, 0x280a500a, 0x3ca03246, 0x011ebd01, 0x3c019f8f, 0x281e97be, 0x503c640a, 0x5a78280a, 0x640a281e, 0x280a503c, 0x1e7afe78, 0x3c640a28, 
    0x78280a50, 0x0a281e5a, 0x0a503c64, 0x3c1e7828, 0x78280a50, 0x0a281e09, 0x0a503c8d, 0x1e0a7828, 0x23010a28, 0xbf3c019f, 0x00000001, 0x32000100, 
    0x82000802, 0x0400d002, 0x00b81700, 0x00ba2b64, 0x00010000, 0xb8002b67, 0xb82f0000, 0x302f0300, 0x35231331, 0x50821737, 0x08022828, 0x002828a0, 
    0x32000100, 0x82000802, 0x0400d002, 0x00b81700, 0x00ba2b64, 0x00020000, 0xb8002b67, 0xb82f0100, 0x302f0300, 0x27071331, 0x28823335, 0x30025028, 
    0x00a02828, 0x32000200, 0x22010802, 0x0400d102, 0x3b000900, 0x2b6400b8, 0x2f0a00b8, 0x2f0600b8, 0x100a00b8, 0xd00100b8, 0x2f0100b8, 0xdc0000b8, 
    0x100600b8, 0xdc0500b8, 0xdc0b00b8, 0x0300b800, 0x0800b82f, 0x0000b82f, 0x0500b82f, 0x1331302f, 0x1f373523, 0x37352301, 0x28508217, 0x2850a028, 
    0xa0090228, 0xa0a12828, 0x00002828, 0x32000200, 0x23010802, 0x0400d102, 0x3b000900, 0x2b6400b8, 0x2f0a00b8, 0x2f0700b8, 0x100a00b8, 0xd00200b8, 
    0x2f0200b8, 0xdc0000b8, 0x100700b8, 0xdc0500b8, 0xdc0b00b8, 0x0300b800, 0x0800b82f, 0x0100b82f, 0x0600b82f, 0x1331302f, 0x33352707, 0x35270717, 
    0x28288233, 0x2828a150, 0x28300250, 0x289fa028, 0x0000a028, 0x32000100, 0x5401dc00, 0x0b00fe01, 0x00b80f00, 0xb8002b64, 0xb82f0600, 0x302f0000, 
    0x26223731, 0x33363435, 0x14151632, 0x553cc306, 0x553c3c55, 0x3c55dc55, 0x3c55553c, 0x0000553c, 0x32000100, 0xea014001, 0x05009001, 0x00b80f00, 
    0xba002b64, 0x02000000, 0x302b6700, 0x07170131, 0x01372721, 0xfe2828c2, 0x01282898, 0x28282890, 0x00000028, 0x32000100, 0x12024001, 0x05009001, 
    0x00b80f00, 0xba002b64, 0x02000000, 0x302b6700, 0x07170131, 0x01372721, 0xfe2828ea, 0x01282870, 0x28282890, 0x00000028, 0x32000700, 0x12020000, 
    0x0500d002, 0x0f000b00, 0x1d001700, 0x29002300, 0x00b8a500, 0x00ba2b6e, 0x000d0004, 0x00ba2b71, 0x00230019, 0x00ba2b71, 0x00130010, 0x00ba2b71, 
    0x00130000, 0x39121110, 0x000b00ba, 0x11100013, 0x00b83912, 0x00b81004, 0x00bad00f, 0x000d001d, 0x39121110, 0x101900b8, 0xd01f00b8, 0x002900ba, 
    0x11190023, 0x00b83912, 0x00b81010, 0xba00dc2b, 0x00001300, 0xba2b7100, 0x14000b00, 0xba2b7100, 0x18001d00, 0xb82b7100, 0xb8101300, 0xb8d00400, 
    0xb8101400, 0xbad00700, 0x00000d00, 0x12111300, 0x0e00ba39, 0x0b001400, 0xba391211, 0x18002300, 0x12111d00, 0x29313039, 0x37272601, 0x27211121, 
    0x01213736, 0x01171107, 0x11270706, 0x07171637, 0x37362723, 0x07150733, 0x17112726, 0x07061733, 0xfecc0123, 0x500a2898, 0xd5fe2c01, 0x01280a50, 
    0x50b6fe67, 0x0a900150, 0x281e1e28, 0x5082960a, 0xa0be280a, 0x640a281e, 0x280a503c, 0x1e280a78, 0x281e3002, 0x1e94fd0a, 0xfd1e4402, 0x500a28c6, 
    0x0a503002, 0x281ebe28, 0x50dc640a, 0x1801280a, 0x0a281efa, 0x78000000, 0x78007800, 0xb8007800, 0xda01ec00, 0x6a039202, 0x2e041404, 0xba047204, 
    0x52051605, 0x86056c05, 0xc0059e05, 0x8e065a06, 0x8e071c07, 0x8608f607, 0x94092809, 0xf20a4c0a, 0x440b1a0b, 0x940b6c0b, 0x3e0cbc0b, 0xa60d080d, 
    0x960e440e, 0x7a0f180f, 0x6610cc0f, 0x0e11de10, 0xee117211, 0xd6123412, 0xa8134013, 0xc0142214, 0xf2155c15, 0xa6162e16, 0xb0171017, 0x7a18fa17, 
    0x0819ba18, 0x7e192a19, 0xbc19a019, 0x721ad419, 0x621b101b, 0x461ce41b, 0x321d981c, 0xda1daa1d, 0xba1e3e1e, 0xa21f001f, 0x74200c20, 0x8c21ee20, 
    0xbe222822, 0x7223fa22, 0x7c24dc23, 0x4625c624, 0xe2258625, 0x5e260226, 0xd427b626, 0x0828ee27, 0x70283c28, 0xa8288e28, 0x6029c228, 0x20000000, 
    0x00008601, 0x00000000, 0x84000000, 0x00000000, 0x00000000, 0x12000100, 0x00008400, 0x00000000, 0x08000200, 0x00009600, 0x00000000, 0x12000300, 
    0x00009e00, 0x00000000, 0x12000400, 0x0000b000, 0x00000000, 0x36000500, 0x0000c200, 0x00000000, 0x32000c00, 0x0000f800, 0x00000000, 0x14001300, 
    0x01002a01, 0x00000000, 0x5c000000, 0x01003e01, 0x00000000, 0x09000100, 0x01009a01, 0x00000000, 0x07000200, 0x0100a301, 0x00000000, 0x09000300, 
    0x0100aa01, 0x00000000, 0x09000400, 0x0100b301, 0x00000000, 0x1b000500, 0x0100bc01, 0x00000000, 0x09000600, 0x0100d701, 0x00000000, 0x1e000800, 
    0x0100e001, 0x00000000, 0x11000900, 0x0100fe01, 0x00000000, 0x19000c00, 0x01000f02, 0x00000000, 0x41000d00, 0x01002802, 0x00000000, 0x0a001300, 
    0x03006902, 0x09040100, 0xb8000000, 0x03007302, 0x09040100, 0x12000100, 0x03002b03, 0x09040100, 0x0e000200, 0x03003d03, 0x09040100, 0x12000300, 
    0x03004b03, 0x09040100, 0x12000400, 0x03005d03, 0x09040100, 0x36000500, 0x03006f03, 0x09040100, 0x12000600, 0x0300a503, 0x09040100, 0x3c000800, 
    0x0300b703, 0x09040100, 0x22000900, 0x0300f303, 0x09040100, 0x32000c00, 0x03001504, 0x09040100, 0x82000d00, 0x03004704, 0x09040100, 0x14001300, 
    0x4300c904, 0x65007200, 0x74006100, 0x64006500, 0x62002000, 0x20007900, 0x69005300, 0x65007a00, 0x6b006e00, 0x20006f00, 0x6c004100, 0x78006500, 
    0x6e006100, 0x65006400, 0x2e007200, 0xa9002000, 0x32002000, 0x30003000, 0x20003800, 0x74005300, 0x6c007900, 0x2d006500, 0x2e003700, 0x41002000, 
    0x6c006c00, 0x72002000, 0x67006900, 0x74006800, 0x20007300, 0x65007200, 0x65007300, 0x76007200, 0x64006500, 0x44002e00, 0x67006900, 0x74006900, 
    0x6c006100, 0x37002d00, 0x6f004d00, 0x6f006e00, 0x69004400, 0x69006700, 0x61007400, 0x2d006c00, 0x44003700, 0x67006900, 0x74006900, 0x6c006100, 
    0x37002d00, 0x20005600, 0x2e003100, 0x30003000, 0x4f002000, 0x74006300, 0x30002000, 0x20003200, 0x33003100, 0x32003a00, 0x3a003400, 0x30003000, 
    0x32002000, 0x30003000, 0x68003800, 0x74007400, 0x3a007000, 0x2f002f00, 0x77007700, 0x2e007700, 0x74007300, 0x6c007900, 0x73006500, 0x76006500, 
    0x6e006500, 0x63002e00, 0x6d006f00, 0x31003000, 0x33003200, 0x35003400, 0x37003600, 0x39003800, 0x61657243, 0x20646574, 0x53207962, 0x6e657a69, 
    0x41206f6b, 0x6178656c, 0x7265646e, 0x20a9202e, 0x38303032, 0x79745320, 0x372d656c, 0x6c41202e, 0x6972206c, 0x73746867, 0x73657220, 0x65767265, 
    0x68202e64, 0x3a707474, 0x77772f2f, 0x74732e77, 0x73656c79, 0x6e657665, 0x6d6f632e, 0x69676944, 0x2d6c6174, 0x67655237, 0x72616c75, 0x69676944, 
    0x2d6c6174, 0x67694437, 0x6c617469, 0x6556372d, 0x6f697372, 0x2e31206e, 0x20303230, 0x69727041, 0x3730206c, 0x31303220, 0x67694431, 0x6c617469, 
    0x7243372d, 0x65746165, 0x79622064, 0x7a695320, 0x6f6b6e65, 0x656c4120, 0x646e6178, 0x202e7265, 0x657a6953, 0x206f6b6e, 0x78656c41, 0x65646e61, 
    0x74746872, 0x2f2f3a70, 0x2e777777, 0x6c797473, 0x76657365, 0x632e6e65, 0x72466d6f, 0x61776565, 0x66206572, 0x7020726f, 0x6f737265, 0x206c616e, 
    0x2e657375, 0x6f460a0d, 0x6f632072, 0x72656d6d, 0x6c616963, 0x65737520, 0x656c7020, 0x20657361, 0x746e6f63, 0x20746375, 0x302e7375, 0x34333231, 
    0x38373635, 0x00430039, 0x00650072, 0x00740061, 0x00640065, 0x00620020, 0x00200079, 0x00690053, 0x0065007a, 0x006b006e, 0x0020006f, 0x006c0041, 
    0x00780065, 0x006e0061, 0x00650064, 0x002e0072, 0x00a90020, 0x00320020, 0x00300030, 0x00200038, 0x00740053, 0x006c0079, 0x002d0065, 0x002e0037, 
    0x00410020, 0x006c006c, 0x00720020, 0x00670069, 0x00740068, 0x00200073, 0x00650072, 0x00650073, 0x00760072, 0x00640065, 0x0020002e, 0x00740068, 
    0x00700074, 0x002f003a, 0x0077002f, 0x00770077, 0x0073002e, 0x00790074, 0x0065006c, 0x00650073, 0x00650076, 0x002e006e, 0x006f0063, 0x0044006d, 
    0x00670069, 0x00740069, 0x006c0061, 0x0037002d, 0x00650052, 0x00750067, 0x0061006c, 0x00440072, 0x00670069, 0x00740069, 0x006c0061, 0x0037002d, 
    0x00690044, 0x00690067, 0x00610074, 0x002d006c, 0x00560037, 0x00720065, 0x00690073, 0x006e006f, 0x00310020, 0x0030002e, 0x00300032, 0x00410020, 
    0x00720070, 0x006c0069, 0x00300020, 0x00200037, 0x00300032, 0x00310031, 0x00690044, 0x00690067, 0x00610074, 0x002d006c, 0x00430037, 0x00650072, 
    0x00740061, 0x00640065, 0x00620020, 0x00200079, 0x00690053, 0x0065007a, 0x006b006e, 0x0020006f, 0x006c0041, 0x00780065, 0x006e0061, 0x00650064, 
    0x002e0072, 0x00530020, 0x007a0069, 0x006e0065, 0x006f006b, 0x00410020, 0x0065006c, 0x00610078, 0x0064006e, 0x00720065, 0x00740068, 0x00700074, 
    0x002f003a, 0x0077002f, 0x00770077, 0x0073002e, 0x00790074, 0x0065006c, 0x00650073, 0x00650076, 0x002e006e, 0x006f0063, 0x0046006d, 0x00650072, 
    0x00770065, 0x00720061, 0x00200065, 0x006f0066, 0x00200072, 0x00650070, 0x00730072, 0x006e006f, 0x006c0061, 0x00750020, 0x00650073, 0x000d002e, 
    0x0046000a, 0x0072006f, 0x00630020, 0x006d006f, 0x0065006d, 0x00630072, 0x00610069, 0x0020006c, 0x00730075, 0x00200065, 0x006c0070, 0x00610065, 
    0x00650073, 0x00630020, 0x006e006f, 0x00750074, 0x00740063, 0x00750020, 0x002e0073, 0x00310030, 0x00330032, 0x00350034, 0x00370036, 0x00390038, 
    0x00000200, 0x00000000, 0x460088ff, 0x00000000, 0x00000000, 0x00000000, 0x00000000, 0x00000000, 0x00006b00, 0x02000201, 0x04000300, 0x06000500, 
    0x08000700, 0x0a000900, 0x0c000b00, 0x0e000d00, 0x10000f00, 0x12001100, 0x14001300, 0x16001500, 0x18001700, 0x1a001900, 0x1c001b00, 0x1e001d00, 
    0x20001f00, 0x22002100, 0x24002300, 0x26002500, 0x28002700, 0x2a002900, 0x2c002b00, 0x2e002d00, 0x30002f00, 0x32003100, 0x34003300, 0x36003500, 
    0x38003700, 0x3a003900, 0x3c003b00, 0x3e003d00, 0x40003f00, 0x42004100, 0x44004300, 0x46004500, 0x48004700, 0x4a004900, 0x4c004b00, 0x4e004d00, 
    0x50004f00, 0x52005100, 0x54005300, 0x56005500, 0x58005700, 0x5a005900, 0x5c005b00, 0x5e005d00, 0x60005f00, 0xc6006100, 0xb700b600, 0xb500b400, 
    0xb2008700, 0x8b00b300, 0x4c554e04, 0x0000004c, 0x03000000, 0x02000800, 0x01001000, 0x0300ffff, 0x00000100, 0x00000000, 0xbc020401, 0x1c6f0000, 
    0x3501bc02, 0x69676944, 0x2d6c6174, 0x20202037, 0x20202020, 0x00000000, 0x00000000, 0x69676944, 0x00006174, 0x00000001, 
};

